score_type,score_time
ScoringDeck,0 days 00:00:00.573218
ScoringDeck,0 days 00:00:00.472364
ScoringDeck,0 days 00:00:00.529707
ScoringDeck,0 days 00:00:00.474496
ScoringDeck,0 days 00:00:00.500358
ScoringDeck,0 days 00:00:00.461365
ScoringDeck,0 days 00:00:00.447960
ScoringDeck,0 days 00:00:00.468959
ScoringDeck,0 days 00:00:00.518939
ScoringDeck,0 days 00:00:00.508499
ScoringDeck,0 days 00:00:00.507091
ScoringDeck,0 days 00:00:00.527701
ScoringDeck,0 days 00:00:00.522667
ScoringDeck,0 days 00:00:00.530258
ScoringDeck,0 days 00:00:00.493252
ScoringDeck,0 days 00:00:00.536237
ScoringDeck,0 days 00:00:00.582305
ScoringDeck,0 days 00:00:00.557975
ScoringDeck,0 days 00:00:00.559888
ScoringDeck,0 days 00:00:00.516567
ScoringDeck,0 days 00:00:00.518413
ScoringDeck,0 days 00:00:00.529053
ScoringDeck,0 days 00:00:00.548370
ScoringDeck,0 days 00:00:00.511203
ScoringDeck,0 days 00:00:00.558833
ScoringDeck,0 days 00:00:00.949686
ScoringDeck,0 days 00:00:01.149619
ScoringDeck,0 days 00:00:01.134901
ScoringDeck,0 days 00:00:01.115243
ScoringDeck,0 days 00:00:01.192259
ScoringDeck,0 days 00:00:01.172544
ScoringDeck,0 days 00:00:01.160757
ScoringDeck,0 days 00:00:01.188247
ScoringDeck,0 days 00:00:01.048957
ScoringDeck,0 days 00:00:00.977701
ScoringDeck,0 days 00:00:00.937656
ScoringDeck,0 days 00:00:01.018702
ScoringDeck,0 days 00:00:00.880476
ScoringDeck,0 days 00:00:00.987198
ScoringDeck,0 days 00:00:00.918643
ScoringDeck,0 days 00:00:01.041565
ScoringDeck,0 days 00:00:01.026346
ScoringDeck,0 days 00:00:01.016396
ScoringDeck,0 days 00:00:01.065031
ScoringDeck,0 days 00:00:01.058070
ScoringDeck,0 days 00:00:01.072106
ScoringDeck,0 days 00:00:01.035920
ScoringDeck,0 days 00:00:01.074870
ScoringDeck,0 days 00:00:01.022944
ScoringDeck,0 days 00:00:01.099596
ScoringDeck,0 days 00:00:01.122475
ScoringDeck,0 days 00:00:01.030401
ScoringDeck,0 days 00:00:01.079531
ScoringDeck,0 days 00:00:01.071412
ScoringDeck,0 days 00:00:01.051463
ScoringDeck,0 days 00:00:01.009526
ScoringDeck,0 days 00:00:00.945912
ScoringDeck,0 days 00:00:00.925537
ScoringDeck,0 days 00:00:01.088709
ScoringDeck,0 days 00:00:01.111383
ScoringDeck,0 days 00:00:00.983074
ScoringDeck,0 days 00:00:00.992113
ScoringDeck,0 days 00:00:00.922996
ScoringDeck,0 days 00:00:00.929097
ScoringDeck,0 days 00:00:01.063798
ScoringDeck,0 days 00:00:00.993138
ScoringDeck,0 days 00:00:00.982396
ScoringDeck,0 days 00:00:00.996743
ScoringDeck,0 days 00:00:00.934792
ScoringDeck,0 days 00:00:01.006993
ScoringDeck,0 days 00:00:00.992102
ScoringDeck,0 days 00:00:00.960426
ScoringDeck,0 days 00:00:00.958265
ScoringDeck,0 days 00:00:00.981021
ScoringDeck,0 days 00:00:00.939529
ScoringDeck,0 days 00:00:01.025405
ScoringDeck,0 days 00:00:00.954917
ScoringDeck,0 days 00:00:00.947837
ScoringDeck,0 days 00:00:00.997199
ScoringDeck,0 days 00:00:00.937819
ScoringDeck,0 days 00:00:00.946599
ScoringDeck,0 days 00:00:01.028240
ScoringDeck,0 days 00:00:00.995485
ScoringDeck,0 days 00:00:00.917559
ScoringDeck,0 days 00:00:00.936225
ScoringDeck,0 days 00:00:00.961827
ScoringDeck,0 days 00:00:00.935033
ScoringDeck,0 days 00:00:00.969021
ScoringDeck,0 days 00:00:01.046823
ScoringDeck,0 days 00:00:01.099366
ScoringDeck,0 days 00:00:01.077927
ScoringDeck,0 days 00:00:01.041327
ScoringDeck,0 days 00:00:00.965045
ScoringDeck,0 days 00:00:00.996129
ScoringDeck,0 days 00:00:00.941219
ScoringDeck,0 days 00:00:00.937408
ScoringDeck,0 days 00:00:00.983037
ScoringDeck,0 days 00:00:01.000664
ScoringDeck,0 days 00:00:00.999266
ScoringDeck,0 days 00:00:01.004725
ScoringDeck,0 days 00:00:00.976816
ScoringDeck,0 days 00:00:00.957664
ScoringDeck,0 days 00:00:01.021370
ScoringDeck,0 days 00:00:01.014127
ScoringDeck,0 days 00:00:00.958810
ScoringDeck,0 days 00:00:01.027099
ScoringDeck,0 days 00:00:01.000480
ScoringDeck,0 days 00:00:01.017495
ScoringDeck,0 days 00:00:01.051630
ScoringDeck,0 days 00:00:00.984843
ScoringDeck,0 days 00:00:00.971298
ScoringDeck,0 days 00:00:01.017794
ScoringDeck,0 days 00:00:00.996065
ScoringDeck,0 days 00:00:01.030862
ScoringDeck,0 days 00:00:00.961975
ScoringDeck,0 days 00:00:00.957708
ScoringDeck,0 days 00:00:00.905572
ScoringDeck,0 days 00:00:00.951000
ScoringDeck,0 days 00:00:01.004063
ScoringDeck,0 days 00:00:01.070187
ScoringDeck,0 days 00:00:01.003551
ScoringDeck,0 days 00:00:01.006584
ScoringDeck,0 days 00:00:01.043806
ScoringDeck,0 days 00:00:01.110859
ScoringDeck,0 days 00:00:01.042204
ScoringDeck,0 days 00:00:00.947438
ScoringDeck,0 days 00:00:00.985105
ScoringDeck,0 days 00:00:00.992354
ScoringDeck,0 days 00:00:01.066296
ScoringDeck,0 days 00:00:01.039113
ScoringDeck,0 days 00:00:01.050654
ScoringDeck,0 days 00:00:00.960881
ScoringDeck,0 days 00:00:01.005774
ScoringDeck,0 days 00:00:00.923082
ScoringDeck,0 days 00:00:01.013809
ScoringDeck,0 days 00:00:00.945901
ScoringDeck,0 days 00:00:00.938686
ScoringDeck,0 days 00:00:00.927593
ScoringDeck,0 days 00:00:00.942609
ScoringDeck,0 days 00:00:00.998658
ScoringDeck,0 days 00:00:01.016482
ScoringDeck,0 days 00:00:01.017312
ScoringDeck,0 days 00:00:00.956109
ScoringDeck,0 days 00:00:00.868842
ScoringDeck,0 days 00:00:00.955162
ScoringDeck,0 days 00:00:00.966936
ScoringDeck,0 days 00:00:01.069001
ScoringDeck,0 days 00:00:01.153259
ScoringDeck,0 days 00:00:01.137387
ScoringDeck,0 days 00:00:01.029995
ScoringDeck,0 days 00:00:01.010909
ScoringDeck,0 days 00:00:01.067554
ScoringDeck,0 days 00:00:00.942786
ScoringDeck,0 days 00:00:00.902979
ScoringDeck,0 days 00:00:00.929008
ScoringDeck,0 days 00:00:00.746377
ScoringDeck,0 days 00:00:00.488462
ScoringDeck,0 days 00:00:00.487349
ScoringDeck,0 days 00:00:00.473893
ScoringDeck,0 days 00:00:00.501918
ScoringDeck,0 days 00:00:00.533085
ScoringDeck,0 days 00:00:00.506445
ScoringDeck,0 days 00:00:00.490286
ScoringDeck,0 days 00:00:00.441222
ScoringDeck,0 days 00:00:00.535268
ScoringDeck,0 days 00:00:00.463735
ScoringDeck,0 days 00:00:00.501241
ScoringDeck,0 days 00:00:00.530472
ScoringDeck,0 days 00:00:00.529115
ScoringDeck,0 days 00:00:00.516641
ScoringDeck,0 days 00:00:00.547201
ScoringDeck,0 days 00:00:00.474171
ScoringDeck,0 days 00:00:00.533224
ScoringDeck,0 days 00:00:00.619980
ScoringDeck,0 days 00:00:00.584339
ScoringDeck,0 days 00:00:00.472066
ScoringDeck,0 days 00:00:00.496859
ScoringDeck,0 days 00:00:00.465128
ScoringDeck,0 days 00:00:00.473347
ScoringDeck,0 days 00:00:00.562395
ScoringDeck,0 days 00:00:00.538359
ScoringDeck,0 days 00:00:00.550903
ScoringDeck,0 days 00:00:00.472172
ScoringDeck,0 days 00:00:00.496179
ScoringDeck,0 days 00:00:00.486492
ScoringDeck,0 days 00:00:00.504424
ScoringDeck,0 days 00:00:00.635263
ScoringDeck,0 days 00:00:00.548886
ScoringDeck,0 days 00:00:00.853797
ScoringDeck,0 days 00:00:00.521144
ScoringDeck,0 days 00:00:00.475471
ScoringDeck,0 days 00:00:00.499684
ScoringDeck,0 days 00:00:00.518010
ScoringDeck,0 days 00:00:00.528966
ScoringDeck,0 days 00:00:00.461414
ScoringDeck,0 days 00:00:00.510843
ScoringDeck,0 days 00:00:00.514708
ScoringDeck,0 days 00:00:00.498502
ScoringDeck,0 days 00:00:00.543892
ScoringDeck,0 days 00:00:00.546840
ScoringDeck,0 days 00:00:00.533385
ScoringDeck,0 days 00:00:00.554928
ScoringDeck,0 days 00:00:00.664966
ScoringDeck,0 days 00:00:00.588136
ScoringDeck,0 days 00:00:00.603702
ScoringDeck,0 days 00:00:00.768085
ScoringDeck,0 days 00:00:00.651509
ScoringDeck,0 days 00:00:00.506872
ScoringDeck,0 days 00:00:00.506358
ScoringDeck,0 days 00:00:00.492819
ScoringDeck,0 days 00:00:00.553602
ScoringDeck,0 days 00:00:00.594614
ScoringDeck,0 days 00:00:00.603844
ScoringDeck,0 days 00:00:00.670686
ScoringDeck,0 days 00:00:00.537758
ScoringDeck,0 days 00:00:00.558412
ScoringDeck,0 days 00:00:00.496266
ScoringDeck,0 days 00:00:00.505008
ScoringDeck,0 days 00:00:00.505322
ScoringDeck,0 days 00:00:00.595560
ScoringDeck,0 days 00:00:00.562479
ScoringDeck,0 days 00:00:00.479371
ScoringDeck,0 days 00:00:00.479556
ScoringDeck,0 days 00:00:00.465043
ScoringDeck,0 days 00:00:00.462330
ScoringDeck,0 days 00:00:00.501937
ScoringDeck,0 days 00:00:00.577448
ScoringDeck,0 days 00:00:00.527089
ScoringDeck,0 days 00:00:00.498868
ScoringDeck,0 days 00:00:00.458613
ScoringDeck,0 days 00:00:00.495389
ScoringDeck,0 days 00:00:00.470819
ScoringDeck,0 days 00:00:00.517529
ScoringDeck,0 days 00:00:00.614235
ScoringDeck,0 days 00:00:00.615987
ScoringDeck,0 days 00:00:00.621255
ScoringDeck,0 days 00:00:00.631766
ScoringDeck,0 days 00:00:00.527741
ScoringDeck,0 days 00:00:00.460630
ScoringDeck,0 days 00:00:00.481689
ScoringDeck,0 days 00:00:00.621766
ScoringDeck,0 days 00:00:00.556241
ScoringDeck,0 days 00:00:00.566887
ScoringDeck,0 days 00:00:00.489033
ScoringDeck,0 days 00:00:00.531477
ScoringDeck,0 days 00:00:00.543936
ScoringDeck,0 days 00:00:00.520004
ScoringDeck,0 days 00:00:00.515840
ScoringDeck,0 days 00:00:00.573017
ScoringDeck,0 days 00:00:00.877689
ScoringDeck,0 days 00:00:00.957373
ScoringDeck,0 days 00:00:00.924051
ScoringDeck,0 days 00:00:01.025938
ScoringDeck,0 days 00:00:00.901146
ScoringDeck,0 days 00:00:00.927978
ScoringDeck,0 days 00:00:00.916296
ScoringDeck,0 days 00:00:00.971557
ScoringDeck,0 days 00:00:00.915907
ScoringDeck,0 days 00:00:00.938029
ScoringDeck,0 days 00:00:00.935583
ScoringDeck,0 days 00:00:00.882260
ScoringDeck,0 days 00:00:00.913758
ScoringDeck,0 days 00:00:00.971847
ScoringDeck,0 days 00:00:00.925233
ScoringDeck,0 days 00:00:00.873861
ScoringDeck,0 days 00:00:00.944403
ScoringDeck,0 days 00:00:00.946119
ScoringDeck,0 days 00:00:00.923244
ScoringDeck,0 days 00:00:00.939252
ScoringDeck,0 days 00:00:00.920591
ScoringDeck,0 days 00:00:00.965934
ScoringDeck,0 days 00:00:00.983097
ScoringDeck,0 days 00:00:00.969935
ScoringDeck,0 days 00:00:00.876311
ScoringDeck,0 days 00:00:01.064048
ScoringDeck,0 days 00:00:00.984308
ScoringDeck,0 days 00:00:00.968939
ScoringDeck,0 days 00:00:00.972539
ScoringDeck,0 days 00:00:00.959941
ScoringDeck,0 days 00:00:00.975390
ScoringDeck,0 days 00:00:00.915383
ScoringDeck,0 days 00:00:00.994582
ScoringDeck,0 days 00:00:00.965636
ScoringDeck,0 days 00:00:00.997546
ScoringDeck,0 days 00:00:00.960378
ScoringDeck,0 days 00:00:00.940889
ScoringDeck,0 days 00:00:00.997142
ScoringDeck,0 days 00:00:00.970832
ScoringDeck,0 days 00:00:00.913413
ScoringDeck,0 days 00:00:00.981294
ScoringDeck,0 days 00:00:00.901437
ScoringDeck,0 days 00:00:00.982088
ScoringDeck,0 days 00:00:00.951550
ScoringDeck,0 days 00:00:00.903113
ScoringDeck,0 days 00:00:00.947534
ScoringDeck,0 days 00:00:00.929483
ScoringDeck,0 days 00:00:00.896852
ScoringDeck,0 days 00:00:00.820373
ScoringDeck,0 days 00:00:00.855149
ScoringDeck,0 days 00:00:00.879602
ScoringDeck,0 days 00:00:00.849333
ScoringDeck,0 days 00:00:00.878631
ScoringDeck,0 days 00:00:00.934973
ScoringDeck,0 days 00:00:00.877264
ScoringDeck,0 days 00:00:00.854443
ScoringDeck,0 days 00:00:00.829565
ScoringDeck,0 days 00:00:00.851513
ScoringDeck,0 days 00:00:00.843681
ScoringDeck,0 days 00:00:00.834982
ScoringDeck,0 days 00:00:00.835535
ScoringDeck,0 days 00:00:00.887173
ScoringDeck,0 days 00:00:00.907606
ScoringDeck,0 days 00:00:00.933452
ScoringDeck,0 days 00:00:00.871487
ScoringDeck,0 days 00:00:00.833180
ScoringDeck,0 days 00:00:00.739959
ScoringDeck,0 days 00:00:00.783606
ScoringDeck,0 days 00:00:00.905280
ScoringDeck,0 days 00:00:00.821087
ScoringDeck,0 days 00:00:00.539937
ScoringDeck,0 days 00:00:00.445410
ScoringDeck,0 days 00:00:00.434413
ScoringDeck,0 days 00:00:00.430546
ScoringDeck,0 days 00:00:00.462418
ScoringDeck,0 days 00:00:00.443645
ScoringDeck,0 days 00:00:00.431482
ScoringDeck,0 days 00:00:00.458191
ScoringDeck,0 days 00:00:00.470222
ScoringDeck,0 days 00:00:00.441579
ScoringDeck,0 days 00:00:00.380373
ScoringDeck,0 days 00:00:00.395644
ScoringDeck,0 days 00:00:00.428182
ScoringDeck,0 days 00:00:00.476440
ScoringDeck,0 days 00:00:00.426807
ScoringDeck,0 days 00:00:00.481150
ScoringDeck,0 days 00:00:00.510219
ScoringDeck,0 days 00:00:00.428199
ScoringDeck,0 days 00:00:00.397218
ScoringDeck,0 days 00:00:00.415067
ScoringDeck,0 days 00:00:00.447607
ScoringDeck,0 days 00:00:00.428852
ScoringDeck,0 days 00:00:00.457477
ScoringDeck,0 days 00:00:00.460417
ScoringDeck,0 days 00:00:00.489289
ScoringDeck,0 days 00:00:00.433605
ScoringDeck,0 days 00:00:00.408135
ScoringDeck,0 days 00:00:00.427749
ScoringDeck,0 days 00:00:00.438865
ScoringDeck,0 days 00:00:00.416873
ScoringDeck,0 days 00:00:00.452986
ScoringDeck,0 days 00:00:00.530190
ScoringDeck,0 days 00:00:00.460737
ScoringDeck,0 days 00:00:00.442486
ScoringDeck,0 days 00:00:00.461936
ScoringDeck,0 days 00:00:00.428666
ScoringDeck,0 days 00:00:00.410607
ScoringDeck,0 days 00:00:00.437648
ScoringDeck,0 days 00:00:00.418832
ScoringDeck,0 days 00:00:00.458105
ScoringDeck,0 days 00:00:00.532983
ScoringDeck,0 days 00:00:00.612506
ScoringDeck,0 days 00:00:00.474470
ScoringDeck,0 days 00:00:00.453900
ScoringDeck,0 days 00:00:00.507929
ScoringDeck,0 days 00:00:00.443623
ScoringDeck,0 days 00:00:00.457103
ScoringDeck,0 days 00:00:00.539576
ScoringDeck,0 days 00:00:00.458523
ScoringDeck,0 days 00:00:00.459073
ScoringDeck,0 days 00:00:00.449250
ScoringDeck,0 days 00:00:00.441636
ScoringDeck,0 days 00:00:00.470847
ScoringDeck,0 days 00:00:00.502497
ScoringDeck,0 days 00:00:00.577939
ScoringDeck,0 days 00:00:00.550059
ScoringDeck,0 days 00:00:00.486908
ScoringDeck,0 days 00:00:00.448781
ScoringDeck,0 days 00:00:00.555440
ScoringDeck,0 days 00:00:00.446982
ScoringDeck,0 days 00:00:00.459031
ScoringDeck,0 days 00:00:00.454026
ScoringDeck,0 days 00:00:00.459603
ScoringDeck,0 days 00:00:00.414039
ScoringDeck,0 days 00:00:00.473542
ScoringDeck,0 days 00:00:00.520694
ScoringDeck,0 days 00:00:00.750666
ScoringDeck,0 days 00:00:00.622865
ScoringDeck,0 days 00:00:00.450449
ScoringDeck,0 days 00:00:00.431387
ScoringDeck,0 days 00:00:00.395450
ScoringDeck,0 days 00:00:00.404033
ScoringDeck,0 days 00:00:00.426937
ScoringDeck,0 days 00:00:00.459321
ScoringDeck,0 days 00:00:00.476322
ScoringDeck,0 days 00:00:00.475259
ScoringDeck,0 days 00:00:00.461547
ScoringDeck,0 days 00:00:00.479817
ScoringDeck,0 days 00:00:00.432507
ScoringDeck,0 days 00:00:00.419305
ScoringDeck,0 days 00:00:00.437119
ScoringDeck,0 days 00:00:00.564348
ScoringDeck,0 days 00:00:00.595628
ScoringDeck,0 days 00:00:00.596695
ScoringDeck,0 days 00:00:00.519775
ScoringDeck,0 days 00:00:00.479070
ScoringDeck,0 days 00:00:00.512908
ScoringDeck,0 days 00:00:00.634035
ScoringDeck,0 days 00:00:00.559132
ScoringDeck,0 days 00:00:00.548008
ScoringDeck,0 days 00:00:00.528087
ScoringDeck,0 days 00:00:00.556058
ScoringDeck,0 days 00:00:00.508110
ScoringDeck,0 days 00:00:00.564398
ScoringDeck,0 days 00:00:00.659545
ScoringDeck,0 days 00:00:00.781044
ScoringDeck,0 days 00:00:00.992980
ScoringDeck,0 days 00:00:00.980225
ScoringDeck,0 days 00:00:01.017516
ScoringDeck,0 days 00:00:01.057595
ScoringDeck,0 days 00:00:00.950697
ScoringDeck,0 days 00:00:01.000761
ScoringDeck,0 days 00:00:01.085567
ScoringDeck,0 days 00:00:01.028205
ScoringDeck,0 days 00:00:01.207750
ScoringDeck,0 days 00:00:01.044598
ScoringDeck,0 days 00:00:00.915845
ScoringDeck,0 days 00:00:00.983123
ScoringDeck,0 days 00:00:01.090591
ScoringDeck,0 days 00:00:01.150594
ScoringDeck,0 days 00:00:01.039593
ScoringDeck,0 days 00:00:01.068994
ScoringDeck,0 days 00:00:01.139908
ScoringDeck,0 days 00:00:01.104665
ScoringDeck,0 days 00:00:01.048908
ScoringDeck,0 days 00:00:01.044758
ScoringDeck,0 days 00:00:01.096287
ScoringDeck,0 days 00:00:01.100751
ScoringDeck,0 days 00:00:01.205037
ScoringDeck,0 days 00:00:01.044885
ScoringDeck,0 days 00:00:00.991414
ScoringDeck,0 days 00:00:00.987703
ScoringDeck,0 days 00:00:00.898219
ScoringDeck,0 days 00:00:00.952128
ScoringDeck,0 days 00:00:00.942888
ScoringDeck,0 days 00:00:00.938238
ScoringDeck,0 days 00:00:01.016517
ScoringDeck,0 days 00:00:00.986312
ScoringDeck,0 days 00:00:01.074537
ScoringDeck,0 days 00:00:00.920967
ScoringDeck,0 days 00:00:00.928808
ScoringDeck,0 days 00:00:00.709766
ScoringDeck,0 days 00:00:00.549726
ScoringDeck,0 days 00:00:00.507905
ScoringDeck,0 days 00:00:00.479992
ScoringDeck,0 days 00:00:00.470477
ScoringDeck,0 days 00:00:00.507975
ScoringDeck,0 days 00:00:00.540861
ScoringDeck,0 days 00:00:00.572076
ScoringDeck,0 days 00:00:00.541876
ScoringDeck,0 days 00:00:00.549369
ScoringDeck,0 days 00:00:00.743436
ScoringDeck,0 days 00:00:00.617310
ScoringDeck,0 days 00:00:00.753581
ScoringDeck,0 days 00:00:00.558787
ScoringDeck,0 days 00:00:00.893303
ScoringDeck,0 days 00:00:01.082242
ScoringDeck,0 days 00:00:01.081969
ScoringDeck,0 days 00:00:01.073334
ScoringDeck,0 days 00:00:00.978461
ScoringDeck,0 days 00:00:00.993510
ScoringDeck,0 days 00:00:00.965231
ScoringDeck,0 days 00:00:01.019913
ScoringDeck,0 days 00:00:00.972354
ScoringDeck,0 days 00:00:00.960693
ScoringDeck,0 days 00:00:00.996537
ScoringDeck,0 days 00:00:00.953754
ScoringDeck,0 days 00:00:01.008966
ScoringDeck,0 days 00:00:00.956104
ScoringDeck,0 days 00:00:00.989994
ScoringDeck,0 days 00:00:00.921625
ScoringDeck,0 days 00:00:00.490851
ScoringDeck,0 days 00:00:00.501622
ScoringDeck,0 days 00:00:00.509738
ScoringDeck,0 days 00:00:00.540496
ScoringDeck,0 days 00:00:00.506295
ScoringDeck,0 days 00:00:00.500984
ScoringDeck,0 days 00:00:00.543139
ScoringDeck,0 days 00:00:00.642184
ScoringDeck,0 days 00:00:00.630710
ScoringDeck,0 days 00:00:00.633258
ScoringDeck,0 days 00:00:00.500341
ScoringDeck,0 days 00:00:00.502798
ScoringDeck,0 days 00:00:00.557790
ScoringDeck,0 days 00:00:00.596394
ScoringDeck,0 days 00:00:00.618542
ScoringDeck,0 days 00:00:01.117166
ScoringDeck,0 days 00:00:01.043923
ScoringDeck,0 days 00:00:00.999464
ScoringDeck,0 days 00:00:01.065030
ScoringDeck,0 days 00:00:01.021913
ScoringDeck,0 days 00:00:01.029300
ScoringDeck,0 days 00:00:01.047409
ScoringDeck,0 days 00:00:01.104270
ScoringDeck,0 days 00:00:01.129746
ScoringDeck,0 days 00:00:01.123796
ScoringDeck,0 days 00:00:01.127585
ScoringDeck,0 days 00:00:01.096473
ScoringDeck,0 days 00:00:01.032255
ScoringDeck,0 days 00:00:01.201457
ScoringDeck,0 days 00:00:01.175325
ScoringDeck,0 days 00:00:01.018032
ScoringDeck,0 days 00:00:01.018735
ScoringDeck,0 days 00:00:01.088178
ScoringDeck,0 days 00:00:01.167047
ScoringDeck,0 days 00:00:01.273336
ScoringDeck,0 days 00:00:01.491728
ScoringDeck,0 days 00:00:01.370837
ScoringDeck,0 days 00:00:01.192403
ScoringDeck,0 days 00:00:01.150528
ScoringDeck,0 days 00:00:01.120277
ScoringDeck,0 days 00:00:01.029944
ScoringDeck,0 days 00:00:01.107484
ScoringDeck,0 days 00:00:01.118942
ScoringDeck,0 days 00:00:01.068502
ScoringDeck,0 days 00:00:01.185963
ScoringDeck,0 days 00:00:01.140815
ScoringDeck,0 days 00:00:01.014794
ScoringDeck,0 days 00:00:01.061311
ScoringDeck,0 days 00:00:01.140029
ScoringDeck,0 days 00:00:01.124031
ScoringDeck,0 days 00:00:01.080926
ScoringDeck,0 days 00:00:01.134011
ScoringDeck,0 days 00:00:01.133455
ScoringDeck,0 days 00:00:01.176291
ScoringDeck,0 days 00:00:01.044284
ScoringDeck,0 days 00:00:01.078511
ScoringDeck,0 days 00:00:01.042667
ScoringDeck,0 days 00:00:01.078716
ScoringDeck,0 days 00:00:01.090207
ScoringDeck,0 days 00:00:01.184561
ScoringDeck,0 days 00:00:01.168780
ScoringDeck,0 days 00:00:01.130210
ScoringDeck,0 days 00:00:01.061829
ScoringDeck,0 days 00:00:01.141157
ScoringDeck,0 days 00:00:01.073200
ScoringDeck,0 days 00:00:01.097344
ScoringDeck,0 days 00:00:01.073013
ScoringDeck,0 days 00:00:01.093449
ScoringDeck,0 days 00:00:01.121367
ScoringDeck,0 days 00:00:01.083611
ScoringDeck,0 days 00:00:00.998255
ScoringDeck,0 days 00:00:01.154783
ScoringDeck,0 days 00:00:01.141504
ScoringDeck,0 days 00:00:00.620055
ScoringDeck,0 days 00:00:00.495144
ScoringDeck,0 days 00:00:00.538053
ScoringDeck,0 days 00:00:00.521796
ScoringDeck,0 days 00:00:00.490724
ScoringDeck,0 days 00:00:00.441600
ScoringDeck,0 days 00:00:00.445233
ScoringDeck,0 days 00:00:00.511060
ScoringDeck,0 days 00:00:00.470234
ScoringDeck,0 days 00:00:00.568507
ScoringDeck,0 days 00:00:00.524572
ScoringDeck,0 days 00:00:00.521383
ScoringDeck,0 days 00:00:00.557002
ScoringDeck,0 days 00:00:00.489774
ScoringDeck,0 days 00:00:00.479719
ScoringDeck,0 days 00:00:00.503254
ScoringDeck,0 days 00:00:00.467491
ScoringDeck,0 days 00:00:00.474339
ScoringDeck,0 days 00:00:00.552124
ScoringDeck,0 days 00:00:00.506083
ScoringDeck,0 days 00:00:00.491247
ScoringDeck,0 days 00:00:00.501266
ScoringDeck,0 days 00:00:00.524714
ScoringDeck,0 days 00:00:00.495573
ScoringDeck,0 days 00:00:00.462362
ScoringDeck,0 days 00:00:00.442895
ScoringDeck,0 days 00:00:00.434398
ScoringDeck,0 days 00:00:00.558237
ScoringDeck,0 days 00:00:00.598473
ScoringDeck,0 days 00:00:00.541151
ScoringDeck,0 days 00:00:00.506793
ScoringDeck,0 days 00:00:00.563385
ScoringDeck,0 days 00:00:00.617661
ScoringDeck,0 days 00:00:00.743563
ScoringDeck,0 days 00:00:00.625422
ScoringDeck,0 days 00:00:00.604961
ScoringDeck,0 days 00:00:00.513972
ScoringDeck,0 days 00:00:00.596566
ScoringDeck,0 days 00:00:00.533478
ScoringDeck,0 days 00:00:00.597986
ScoringDeck,0 days 00:00:00.569739
ScoringDeck,0 days 00:00:00.579670
ScoringDeck,0 days 00:00:00.517981
ScoringDeck,0 days 00:00:00.522643
ScoringDeck,0 days 00:00:00.543399
ScoringDeck,0 days 00:00:00.672502
ScoringDeck,0 days 00:00:00.574712
ScoringDeck,0 days 00:00:00.542075
ScoringDeck,0 days 00:00:00.605748
ScoringDeck,0 days 00:00:00.608132
ScoringDeck,0 days 00:00:00.616289
ScoringDeck,0 days 00:00:00.581434
ScoringDeck,0 days 00:00:00.620335
ScoringDeck,0 days 00:00:00.517264
ScoringDeck,0 days 00:00:00.602636
ScoringDeck,0 days 00:00:00.616196
ScoringDeck,0 days 00:00:00.673105
ScoringDeck,0 days 00:00:00.659488
ScoringDeck,0 days 00:00:00.707701
ScoringDeck,0 days 00:00:00.703428
ScoringDeck,0 days 00:00:01.240964
ScoringDeck,0 days 00:00:01.150626
ScoringDeck,0 days 00:00:01.226787
ScoringDeck,0 days 00:00:01.183810
ScoringDeck,0 days 00:00:01.124718
ScoringDeck,0 days 00:00:01.152035
ScoringDeck,0 days 00:00:01.121295
ScoringDeck,0 days 00:00:01.157080
ScoringDeck,0 days 00:00:01.046926
ScoringDeck,0 days 00:00:01.130480
ScoringDeck,0 days 00:00:01.140733
ScoringDeck,0 days 00:00:01.105532
ScoringDeck,0 days 00:00:01.142850
ScoringDeck,0 days 00:00:01.046015
ScoringDeck,0 days 00:00:01.001019
ScoringDeck,0 days 00:00:01.046141
ScoringDeck,0 days 00:00:01.065619
ScoringDeck,0 days 00:00:01.089657
ScoringDeck,0 days 00:00:01.055128
ScoringDeck,0 days 00:00:01.077608
ScoringDeck,0 days 00:00:00.540618
ScoringDeck,0 days 00:00:00.570420
ScoringDeck,0 days 00:00:00.552242
ScoringDeck,0 days 00:00:00.566481
ScoringDeck,0 days 00:00:00.535992
ScoringDeck,0 days 00:00:00.525087
ScoringDeck,0 days 00:00:00.566611
ScoringDeck,0 days 00:00:00.569114
ScoringDeck,0 days 00:00:00.524772
ScoringDeck,0 days 00:00:00.612330
ScoringDeck,0 days 00:00:00.592727
ScoringDeck,0 days 00:00:00.651635
ScoringDeck,0 days 00:00:00.480619
ScoringDeck,0 days 00:00:00.591242
ScoringDeck,0 days 00:00:00.692091
ScoringDeck,0 days 00:00:00.695755
ScoringDeck,0 days 00:00:00.639760
ScoringDeck,0 days 00:00:00.529238
ScoringDeck,0 days 00:00:00.569942
ScoringDeck,0 days 00:00:00.538121
ScoringDeck,0 days 00:00:00.537934
ScoringDeck,0 days 00:00:00.536909
ScoringDeck,0 days 00:00:00.522142
ScoringDeck,0 days 00:00:00.457281
ScoringDeck,0 days 00:00:00.607713
ScoringDeck,0 days 00:00:00.589555
ScoringDeck,0 days 00:00:00.717141
ScoringDeck,0 days 00:00:00.664838
ScoringDeck,0 days 00:00:00.701912
ScoringDeck,0 days 00:00:00.674202
ScoringDeck,0 days 00:00:00.578598
ScoringDeck,0 days 00:00:00.578029
ScoringDeck,0 days 00:00:00.662692
ScoringDeck,0 days 00:00:00.637274
ScoringDeck,0 days 00:00:00.577184
ScoringDeck,0 days 00:00:00.575419
ScoringDeck,0 days 00:00:00.580458
ScoringDeck,0 days 00:00:00.558655
ScoringDeck,0 days 00:00:00.528440
ScoringDeck,0 days 00:00:00.521930
ScoringDeck,0 days 00:00:00.490559
ScoringDeck,0 days 00:00:00.526051
ScoringDeck,0 days 00:00:00.548799
ScoringDeck,0 days 00:00:00.585527
ScoringDeck,0 days 00:00:00.528209
ScoringDeck,0 days 00:00:00.536740
ScoringDeck,0 days 00:00:00.519877
ScoringDeck,0 days 00:00:00.528946
ScoringDeck,0 days 00:00:00.550874
ScoringDeck,0 days 00:00:00.548051
ScoringDeck,0 days 00:00:00.520948
ScoringDeck,0 days 00:00:00.550650
ScoringDeck,0 days 00:00:00.607159
ScoringDeck,0 days 00:00:00.545577
ScoringDeck,0 days 00:00:00.566660
ScoringDeck,0 days 00:00:00.586148
ScoringDeck,0 days 00:00:00.524661
ScoringDeck,0 days 00:00:00.524884
ScoringDeck,0 days 00:00:00.535686
ScoringDeck,0 days 00:00:00.507577
ScoringDeck,0 days 00:00:00.581916
ScoringDeck,0 days 00:00:00.573847
ScoringDeck,0 days 00:00:00.594097
ScoringDeck,0 days 00:00:00.580459
ScoringDeck,0 days 00:00:00.571189
ScoringDeck,0 days 00:00:00.517502
ScoringDeck,0 days 00:00:00.590530
ScoringDeck,0 days 00:00:00.585064
ScoringDeck,0 days 00:00:00.566075
ScoringDeck,0 days 00:00:00.519734
ScoringDeck,0 days 00:00:00.493963
ScoringDeck,0 days 00:00:00.519066
ScoringDeck,0 days 00:00:00.534151
ScoringDeck,0 days 00:00:00.530481
ScoringDeck,0 days 00:00:00.522218
ScoringDeck,0 days 00:00:00.574207
ScoringDeck,0 days 00:00:00.538441
ScoringDeck,0 days 00:00:00.471166
ScoringDeck,0 days 00:00:00.551197
ScoringDeck,0 days 00:00:00.415058
ScoringDeck,0 days 00:00:00.446941
ScoringDeck,0 days 00:00:00.477591
ScoringDeck,0 days 00:00:00.513841
ScoringDeck,0 days 00:00:00.505194
ScoringDeck,0 days 00:00:00.537189
ScoringDeck,0 days 00:00:00.487028
ScoringDeck,0 days 00:00:00.496439
ScoringDeck,0 days 00:00:00.477893
ScoringDeck,0 days 00:00:00.508793
ScoringDeck,0 days 00:00:00.555878
ScoringDeck,0 days 00:00:00.488536
ScoringDeck,0 days 00:00:00.537111
ScoringDeck,0 days 00:00:00.471911
ScoringDeck,0 days 00:00:00.496655
ScoringDeck,0 days 00:00:00.480778
ScoringDeck,0 days 00:00:00.490876
ScoringDeck,0 days 00:00:00.528988
ScoringDeck,0 days 00:00:00.536008
ScoringDeck,0 days 00:00:00.475709
ScoringDeck,0 days 00:00:00.483117
ScoringDeck,0 days 00:00:00.557067
ScoringDeck,0 days 00:00:00.524942
ScoringDeck,0 days 00:00:00.566086
ScoringDeck,0 days 00:00:00.483465
ScoringDeck,0 days 00:00:00.484108
ScoringDeck,0 days 00:00:00.506398
ScoringDeck,0 days 00:00:00.493180
ScoringDeck,0 days 00:00:00.472202
ScoringDeck,0 days 00:00:00.476778
ScoringDeck,0 days 00:00:00.496015
ScoringDeck,0 days 00:00:00.489489
ScoringDeck,0 days 00:00:00.484148
ScoringDeck,0 days 00:00:00.460038
ScoringDeck,0 days 00:00:00.511368
ScoringDeck,0 days 00:00:00.533694
ScoringDeck,0 days 00:00:00.519590
ScoringDeck,0 days 00:00:00.499522
ScoringDeck,0 days 00:00:00.491933
ScoringDeck,0 days 00:00:00.464531
ScoringDeck,0 days 00:00:00.485031
ScoringDeck,0 days 00:00:00.491336
ScoringDeck,0 days 00:00:00.491686
ScoringDeck,0 days 00:00:00.510536
ScoringDeck,0 days 00:00:00.516010
ScoringDeck,0 days 00:00:00.492107
ScoringDeck,0 days 00:00:00.500641
ScoringDeck,0 days 00:00:00.469161
ScoringDeck,0 days 00:00:00.456800
ScoringDeck,0 days 00:00:00.523239
ScoringDeck,0 days 00:00:00.562978
ScoringDeck,0 days 00:00:00.511585
ScoringDeck,0 days 00:00:00.546936
ScoringDeck,0 days 00:00:00.582155
ScoringDeck,0 days 00:00:00.552173
ScoringDeck,0 days 00:00:00.533209
ScoringDeck,0 days 00:00:00.505873
ScoringDeck,0 days 00:00:00.532609
ScoringDeck,0 days 00:00:00.764341
ScoringDeck,0 days 00:00:00.480161
ScoringDeck,0 days 00:00:00.501394
ScoringDeck,0 days 00:00:00.487091
ScoringDeck,0 days 00:00:00.446979
ScoringDeck,0 days 00:00:00.453116
ScoringDeck,0 days 00:00:00.460526
ScoringDeck,0 days 00:00:00.458298
ScoringDeck,0 days 00:00:00.477744
ScoringDeck,0 days 00:00:00.541476
ScoringDeck,0 days 00:00:00.508416
ScoringDeck,0 days 00:00:00.468490
ScoringDeck,0 days 00:00:00.459928
ScoringDeck,0 days 00:00:00.458973
ScoringDeck,0 days 00:00:00.445101
ScoringDeck,0 days 00:00:00.444971
ScoringDeck,0 days 00:00:00.488958
ScoringDeck,0 days 00:00:00.452262
ScoringDeck,0 days 00:00:00.523837
ScoringDeck,0 days 00:00:00.475734
ScoringDeck,0 days 00:00:00.493274
ScoringDeck,0 days 00:00:00.490557
ScoringDeck,0 days 00:00:00.441710
ScoringDeck,0 days 00:00:00.489198
ScoringDeck,0 days 00:00:00.433900
ScoringDeck,0 days 00:00:00.457201
ScoringDeck,0 days 00:00:00.445405
ScoringDeck,0 days 00:00:00.456097
ScoringDeck,0 days 00:00:00.456513
ScoringDeck,0 days 00:00:00.490763
ScoringDeck,0 days 00:00:00.617746
ScoringDeck,0 days 00:00:00.613706
ScoringDeck,0 days 00:00:00.539674
ScoringDeck,0 days 00:00:00.506853
ScoringDeck,0 days 00:00:00.472954
ScoringDeck,0 days 00:00:00.497217
ScoringDeck,0 days 00:00:00.613090
ScoringDeck,0 days 00:00:00.634574
ScoringDeck,0 days 00:00:00.489756
ScoringDeck,0 days 00:00:00.515930
ScoringDeck,0 days 00:00:00.509516
ScoringDeck,0 days 00:00:00.538396
ScoringDeck,0 days 00:00:00.665185
ScoringDeck,0 days 00:00:00.510981
ScoringDeck,0 days 00:00:00.585904
ScoringDeck,0 days 00:00:01.065304
ScoringDeck,0 days 00:00:01.173897
ScoringDeck,0 days 00:00:01.105007
ScoringDeck,0 days 00:00:01.126097
ScoringDeck,0 days 00:00:00.988475
ScoringDeck,0 days 00:00:01.015056
ScoringDeck,0 days 00:00:00.963482
ScoringDeck,0 days 00:00:00.950099
ScoringDeck,0 days 00:00:01.031849
ScoringDeck,0 days 00:00:01.029890
ScoringDeck,0 days 00:00:00.912802
ScoringDeck,0 days 00:00:00.977976
ScoringDeck,0 days 00:00:00.974019
ScoringDeck,0 days 00:00:01.011893
ScoringDeck,0 days 00:00:01.020544
ScoringDeck,0 days 00:00:01.027206
ScoringDeck,0 days 00:00:00.963094
ScoringDeck,0 days 00:00:00.967815
ScoringDeck,0 days 00:00:00.987257
ScoringDeck,0 days 00:00:01.089055
ScoringDeck,0 days 00:00:01.068085
ScoringDeck,0 days 00:00:01.043468
ScoringDeck,0 days 00:00:01.022048
ScoringDeck,0 days 00:00:01.057195
ScoringDeck,0 days 00:00:00.987451
ScoringDeck,0 days 00:00:01.085359
ScoringDeck,0 days 00:00:01.032619
ScoringDeck,0 days 00:00:01.044804
ScoringDeck,0 days 00:00:01.063517
ScoringDeck,0 days 00:00:01.101292
ScoringDeck,0 days 00:00:01.131538
ScoringDeck,0 days 00:00:01.114027
ScoringDeck,0 days 00:00:01.034819
ScoringDeck,0 days 00:00:01.004928
ScoringDeck,0 days 00:00:01.029502
ScoringDeck,0 days 00:00:01.062615
ScoringDeck,0 days 00:00:01.137598
ScoringDeck,0 days 00:00:01.166675
ScoringDeck,0 days 00:00:01.084606
ScoringDeck,0 days 00:00:01.191104
ScoringDeck,0 days 00:00:01.052191
ScoringDeck,0 days 00:00:00.916218
ScoringDeck,0 days 00:00:00.983127
ScoringDeck,0 days 00:00:01.021579
ScoringDeck,0 days 00:00:00.975742
ScoringDeck,0 days 00:00:01.042908
ScoringDeck,0 days 00:00:00.976827
ScoringDeck,0 days 00:00:01.008290
ScoringDeck,0 days 00:00:01.065912
ScoringDeck,0 days 00:00:01.014163
ScoringDeck,0 days 00:00:01.018360
ScoringDeck,0 days 00:00:00.974741
ScoringDeck,0 days 00:00:01.009994
ScoringDeck,0 days 00:00:00.996987
ScoringDeck,0 days 00:00:01.002566
ScoringDeck,0 days 00:00:00.985287
ScoringDeck,0 days 00:00:01.046471
ScoringDeck,0 days 00:00:00.942290
ScoringDeck,0 days 00:00:00.990160
ScoringDeck,0 days 00:00:00.942979
ScoringDeck,0 days 00:00:00.948603
ScoringDeck,0 days 00:00:00.976990
ScoringDeck,0 days 00:00:00.994336
ScoringDeck,0 days 00:00:01.029427
ScoringDeck,0 days 00:00:00.982934
ScoringDeck,0 days 00:00:01.030887
ScoringDeck,0 days 00:00:01.004996
ScoringDeck,0 days 00:00:00.915848
ScoringDeck,0 days 00:00:01.020574
ScoringDeck,0 days 00:00:01.034750
ScoringDeck,0 days 00:00:00.983920
ScoringDeck,0 days 00:00:00.925939
ScoringDeck,0 days 00:00:01.054542
ScoringDeck,0 days 00:00:01.016103
ScoringDeck,0 days 00:00:00.967624
ScoringDeck,0 days 00:00:00.545144
ScoringDeck,0 days 00:00:00.518174
ScoringDeck,0 days 00:00:00.500869
ScoringDeck,0 days 00:00:00.528848
ScoringDeck,0 days 00:00:00.502451
ScoringDeck,0 days 00:00:00.548295
ScoringDeck,0 days 00:00:00.474693
ScoringDeck,0 days 00:00:00.474443
ScoringDeck,0 days 00:00:00.530682
ScoringDeck,0 days 00:00:00.488350
ScoringDeck,0 days 00:00:00.476054
ScoringDeck,0 days 00:00:00.511764
ScoringDeck,0 days 00:00:00.534056
ScoringDeck,0 days 00:00:00.487227
ScoringDeck,0 days 00:00:00.445707
ScoringDeck,0 days 00:00:00.494811
ScoringDeck,0 days 00:00:00.497919
ScoringDeck,0 days 00:00:00.533910
ScoringDeck,0 days 00:00:00.614031
ScoringDeck,0 days 00:00:00.604592
ScoringDeck,0 days 00:00:00.635336
ScoringDeck,0 days 00:00:00.468058
ScoringDeck,0 days 00:00:00.626647
ScoringDeck,0 days 00:00:00.643902
ScoringDeck,0 days 00:00:00.617928
ScoringDeck,0 days 00:00:00.562235
ScoringDeck,0 days 00:00:00.546916
ScoringDeck,0 days 00:00:00.519403
ScoringDeck,0 days 00:00:00.647455
ScoringDeck,0 days 00:00:00.597813
ScoringDeck,0 days 00:00:00.543687
ScoringDeck,0 days 00:00:00.471541
ScoringDeck,0 days 00:00:00.552979
ScoringDeck,0 days 00:00:00.573423
ScoringDeck,0 days 00:00:00.616606
ScoringDeck,0 days 00:00:00.662012
ScoringDeck,0 days 00:00:00.474163
ScoringDeck,0 days 00:00:00.503879
ScoringDeck,0 days 00:00:00.530496
ScoringDeck,0 days 00:00:00.521250
ScoringDeck,0 days 00:00:00.514449
ScoringDeck,0 days 00:00:00.511255
ScoringDeck,0 days 00:00:00.524712
ScoringDeck,0 days 00:00:00.536117
ScoringDeck,0 days 00:00:00.641799
ScoringDeck,0 days 00:00:00.614089
ScoringDeck,0 days 00:00:00.619859
ScoringDeck,0 days 00:00:00.598781
ScoringDeck,0 days 00:00:00.636107
ScoringDeck,0 days 00:00:00.555541
ScoringDeck,0 days 00:00:00.578246
ScoringDeck,0 days 00:00:00.653286
ScoringDeck,0 days 00:00:00.627654
ScoringDeck,0 days 00:00:00.592858
ScoringDeck,0 days 00:00:00.631940
ScoringDeck,0 days 00:00:00.628393
ScoringDeck,0 days 00:00:00.624805
ScoringDeck,0 days 00:00:00.683965
ScoringDeck,0 days 00:00:00.640638
ScoringDeck,0 days 00:00:00.586546
ScoringDeck,0 days 00:00:00.613551
ScoringDeck,0 days 00:00:00.557969
ScoringDeck,0 days 00:00:00.536628
ScoringDeck,0 days 00:00:00.606319
ScoringDeck,0 days 00:00:00.547708
ScoringDeck,0 days 00:00:00.492535
ScoringDeck,0 days 00:00:00.519072
ScoringDeck,0 days 00:00:00.638330
ScoringDeck,0 days 00:00:00.675701
ScoringDeck,0 days 00:00:00.679396
ScoringDeck,0 days 00:00:00.633112
ScoringDeck,0 days 00:00:00.590125
ScoringDeck,0 days 00:00:00.626484
ScoringDeck,0 days 00:00:00.515814
ScoringDeck,0 days 00:00:00.562668
ScoringDeck,0 days 00:00:00.630377
ScoringDeck,0 days 00:00:00.571738
ScoringDeck,0 days 00:00:00.599215
ScoringDeck,0 days 00:00:00.629227
ScoringDeck,0 days 00:00:00.536783
ScoringDeck,0 days 00:00:00.513798
ScoringDeck,0 days 00:00:00.521083
ScoringDeck,0 days 00:00:00.593421
ScoringDeck,0 days 00:00:00.656014
ScoringDeck,0 days 00:00:00.716574
ScoringDeck,0 days 00:00:00.595747
ScoringDeck,0 days 00:00:00.539983
ScoringDeck,0 days 00:00:00.620663
ScoringDeck,0 days 00:00:00.543396
ScoringDeck,0 days 00:00:00.568365
ScoringDeck,0 days 00:00:00.591358
ScoringDeck,0 days 00:00:00.573730
ScoringDeck,0 days 00:00:00.588592
ScoringDeck,0 days 00:00:00.675422
ScoringDeck,0 days 00:00:00.550771
ScoringDeck,0 days 00:00:00.542539
ScoringDeck,0 days 00:00:00.508908
ScoringDeck,0 days 00:00:00.587506
ScoringDeck,0 days 00:00:00.589639
ScoringDeck,0 days 00:00:00.503807
ScoringDeck,0 days 00:00:00.492409
ScoringDeck,0 days 00:00:00.541855
ScoringDeck,0 days 00:00:00.556746
ScoringDeck,0 days 00:00:00.540242
ScoringDeck,0 days 00:00:00.726112
ScoringDeck,0 days 00:00:00.679800
ScoringDeck,0 days 00:00:00.594783
ScoringDeck,0 days 00:00:00.583378
ScoringDeck,0 days 00:00:00.566030
ScoringDeck,0 days 00:00:00.554095
ScoringDeckPd,0 days 00:00:00.031370
ScoringDeckPd,0 days 00:00:00.027507
ScoringDeckPd,0 days 00:00:00.028516
ScoringDeckPd,0 days 00:00:00.035008
ScoringDeckPd,0 days 00:00:00.015686
ScoringDeckPd,0 days 00:00:00.026019
ScoringDeckPd,0 days 00:00:00.027742
ScoringDeckPd,0 days 00:00:00.027154
ScoringDeckPd,0 days 00:00:00.026845
ScoringDeckPd,0 days 00:00:00.016453
ScoringDeckPd,0 days 00:00:00.018956
ScoringDeckPd,0 days 00:00:00.024763
ScoringDeckPd,0 days 00:00:00.026142
ScoringDeckPd,0 days 00:00:00.016778
ScoringDeckPd,0 days 00:00:00.019608
ScoringDeckPd,0 days 00:00:00.020542
ScoringDeckPd,0 days 00:00:00.020497
ScoringDeckPd,0 days 00:00:00.020621
ScoringDeckPd,0 days 00:00:00.016651
ScoringDeckPd,0 days 00:00:00.020292
ScoringDeckPd,0 days 00:00:00.022329
ScoringDeckPd,0 days 00:00:00.015992
ScoringDeckPd,0 days 00:00:00.022726
ScoringDeckPd,0 days 00:00:00.030171
ScoringDeckPd,0 days 00:00:00.027297
ScoringDeckPd,0 days 00:00:00.010492
ScoringDeckPd,0 days 00:00:00.017027
ScoringDeckPd,0 days 00:00:00.031679
ScoringDeckPd,0 days 00:00:00.033699
ScoringDeckPd,0 days 00:00:00.014100
ScoringDeckPd,0 days 00:00:00.033125
ScoringDeckPd,0 days 00:00:00.021724
ScoringDeckPd,0 days 00:00:00.023336
ScoringDeckPd,0 days 00:00:00.009966
ScoringDeckPd,0 days 00:00:00.016132
ScoringDeckPd,0 days 00:00:00.031698
ScoringDeckPd,0 days 00:00:00.022480
ScoringDeckPd,0 days 00:00:00.025983
ScoringDeckPd,0 days 00:00:00.011522
ScoringDeckPd,0 days 00:00:00.029126
ScoringDeckPd,0 days 00:00:00.029775
ScoringDeckPd,0 days 00:00:00.015810
ScoringDeckPd,0 days 00:00:00.015302
ScoringDeckPd,0 days 00:00:00.019945
ScoringDeckPd,0 days 00:00:00.026515
ScoringDeckPd,0 days 00:00:00.019443
ScoringDeckPd,0 days 00:00:00.008979
ScoringDeckPd,0 days 00:00:00.013899
ScoringDeckPd,0 days 00:00:00.020632
ScoringDeckPd,0 days 00:00:00.007383
ScoringDeckPd,0 days 00:00:00.031611
ScoringDeckPd,0 days 00:00:00.029668
ScoringDeckPd,0 days 00:00:00.016981
ScoringDeckPd,0 days 00:00:00.016457
ScoringDeckPd,0 days 00:00:00.016354
ScoringDeckPd,0 days 00:00:00.022975
ScoringDeckPd,0 days 00:00:00.032852
ScoringDeckPd,0 days 00:00:00.034078
ScoringDeckPd,0 days 00:00:00.024773
ScoringDeckPd,0 days 00:00:00.023750
ScoringDeckPd,0 days 00:00:00.014494
ScoringDeckPd,0 days 00:00:00.025894
ScoringDeckPd,0 days 00:00:00.021228
ScoringDeckPd,0 days 00:00:00.025478
ScoringDeckPd,0 days 00:00:00.022564
ScoringDeckPd,0 days 00:00:00.017208
ScoringDeckPd,0 days 00:00:00.031767
ScoringDeckPd,0 days 00:00:00.022942
ScoringDeckPd,0 days 00:00:00.025467
ScoringDeckPd,0 days 00:00:00.016420
ScoringDeckPd,0 days 00:00:00.021457
ScoringDeckPd,0 days 00:00:00.005782
ScoringDeckPd,0 days 00:00:00.009524
ScoringDeckPd,0 days 00:00:00.024425
ScoringDeckPd,0 days 00:00:00.018718
ScoringDeckPd,0 days 00:00:00.018958
ScoringDeckPd,0 days 00:00:00.021102
ScoringDeckPd,0 days 00:00:00.016630
ScoringDeckPd,0 days 00:00:00.018162
ScoringDeckPd,0 days 00:00:00.014719
ScoringDeckPd,0 days 00:00:00.024682
ScoringDeckPd,0 days 00:00:00.024235
ScoringDeckPd,0 days 00:00:00.063427
ScoringDeckPd,0 days 00:00:00.031142
ScoringDeckPd,0 days 00:00:00.029984
ScoringDeckPd,0 days 00:00:00.017705
ScoringDeckPd,0 days 00:00:00.015867
ScoringDeckPd,0 days 00:00:00.030170
ScoringDeckPd,0 days 00:00:00.032411
ScoringDeckPd,0 days 00:00:00.016140
ScoringDeckPd,0 days 00:00:00.015901
ScoringDeckPd,0 days 00:00:00.015930
ScoringDeckPd,0 days 00:00:00.017745
ScoringDeckPd,0 days 00:00:00.021683
ScoringDeckPd,0 days 00:00:00.024393
ScoringDeckPd,0 days 00:00:00.022965
ScoringDeckPd,0 days 00:00:00.024115
ScoringDeckPd,0 days 00:00:00.015710
ScoringDeckPd,0 days 00:00:00.015986
ScoringDeckPd,0 days 00:00:00.033025
ScoringDeckPd,0 days 00:00:00.025080
ScoringDeckPd,0 days 00:00:00.016233
ScoringDeckPd,0 days 00:00:00.014040
ScoringDeckPd,0 days 00:00:00.015463
ScoringDeckPd,0 days 00:00:00.016447
ScoringDeckPd,0 days 00:00:00.034194
ScoringDeckPd,0 days 00:00:00.034742
ScoringDeckPd,0 days 00:00:00.036570
ScoringDeckPd,0 days 00:00:00.024008
ScoringDeckPd,0 days 00:00:00.021657
ScoringDeckPd,0 days 00:00:00.023480
ScoringDeckPd,0 days 00:00:00.026572
ScoringDeckPd,0 days 00:00:00.017670
ScoringDeckPd,0 days 00:00:00.021037
ScoringDeckPd,0 days 00:00:00.029937
ScoringDeckPd,0 days 00:00:00.016047
ScoringDeckPd,0 days 00:00:00.020584
ScoringDeckPd,0 days 00:00:00.018092
ScoringDeckPd,0 days 00:00:00.020421
ScoringDeckPd,0 days 00:00:00.023697
ScoringDeckPd,0 days 00:00:00.027770
ScoringDeckPd,0 days 00:00:00.027068
ScoringDeckPd,0 days 00:00:00.015798
ScoringDeckPd,0 days 00:00:00.031767
ScoringDeckPd,0 days 00:00:00.020626
ScoringDeckPd,0 days 00:00:00.023799
ScoringDeckPd,0 days 00:00:00.024836
ScoringDeckPd,0 days 00:00:00.016087
ScoringDeckPd,0 days 00:00:00.007855
ScoringDeckPd,0 days 00:00:00.015665
ScoringDeckPd,0 days 00:00:00.022482
ScoringDeckPd,0 days 00:00:00.020819
ScoringDeckPd,0 days 00:00:00.024216
ScoringDeckPd,0 days 00:00:00.013158
ScoringDeckPd,0 days 00:00:00.015774
ScoringDeckPd,0 days 00:00:00.006831
ScoringDeckPd,0 days 00:00:00.025801
ScoringDeckPd,0 days 00:00:00.022619
ScoringDeckPd,0 days 00:00:00.018069
ScoringDeckPd,0 days 00:00:00.024177
ScoringDeckPd,0 days 00:00:00.008537
ScoringDeckPd,0 days 00:00:00.024790
ScoringDeckPd,0 days 00:00:00.016176
ScoringDeckPd,0 days 00:00:00.021786
ScoringDeckPd,0 days 00:00:00.023641
ScoringDeckPd,0 days 00:00:00.011053
ScoringDeckPd,0 days 00:00:00.016096
ScoringDeckPd,0 days 00:00:00.029467
ScoringDeckPd,0 days 00:00:00.023592
ScoringDeckPd,0 days 00:00:00.024821
ScoringDeckPd,0 days 00:00:00.010457
ScoringDeckPd,0 days 00:00:00.008844
ScoringDeckPd,0 days 00:00:00.022575
ScoringDeckPd,0 days 00:00:00.022156
ScoringDeckPd,0 days 00:00:00.016735
ScoringDeckPd,0 days 00:00:00.015867
ScoringDeckPd,0 days 00:00:00.012075
ScoringDeckPd,0 days 00:00:00.011045
ScoringDeckPd,0 days 00:00:00.017213
ScoringDeckPd,0 days 00:00:00.023725
ScoringDeckPd,0 days 00:00:00.023699
ScoringDeckPd,0 days 00:00:00.031862
ScoringDeckPd,0 days 00:00:00.025780
ScoringDeckPd,0 days 00:00:00.051895
ScoringDeckPd,0 days 00:00:00.021742
ScoringDeckPd,0 days 00:00:00.019027
ScoringDeckPd,0 days 00:00:00.014664
ScoringDeckPd,0 days 00:00:00.021729
ScoringDeckPd,0 days 00:00:00.022116
ScoringDeckPd,0 days 00:00:00.030812
ScoringDeckPd,0 days 00:00:00.016166
ScoringDeckPd,0 days 00:00:00.036590
ScoringDeckPd,0 days 00:00:00.032529
ScoringDeckPd,0 days 00:00:00.022027
ScoringDeckPd,0 days 00:00:00.017439
ScoringDeckPd,0 days 00:00:00.019608
ScoringDeckPd,0 days 00:00:00.021582
ScoringDeckPd,0 days 00:00:00.033226
ScoringDeckPd,0 days 00:00:00.026510
ScoringDeckPd,0 days 00:00:00.019797
ScoringDeckPd,0 days 00:00:00.025875
ScoringDeckPd,0 days 00:00:00.017059
ScoringDeckPd,0 days 00:00:00.020820
ScoringDeckPd,0 days 00:00:00.024288
ScoringDeckPd,0 days 00:00:00.009987
ScoringDeckPd,0 days 00:00:00.021795
ScoringDeckPd,0 days 00:00:00.020940
ScoringDeckPd,0 days 00:00:00.022470
ScoringDeckPd,0 days 00:00:00.016681
ScoringDeckPd,0 days 00:00:00.016256
ScoringDeckPd,0 days 00:00:00.023880
ScoringDeckPd,0 days 00:00:00.030682
ScoringDeckPd,0 days 00:00:00.024256
ScoringDeckPd,0 days 00:00:00.026473
ScoringDeckPd,0 days 00:00:00.026812
ScoringDeckPd,0 days 00:00:00.034514
ScoringDeckPd,0 days 00:00:00.030549
ScoringDeckPd,0 days 00:00:00.022875
ScoringDeckPd,0 days 00:00:00.027611
ScoringDeckPd,0 days 00:00:00.028304
ScoringDeckPd,0 days 00:00:00.027985
ScoringDeckPd,0 days 00:00:00.023310
ScoringDeckPd,0 days 00:00:00.015781
ScoringDeckPd,0 days 00:00:00.021853
ScoringDeckPd,0 days 00:00:00.022099
ScoringDeckPd,0 days 00:00:00.024434
ScoringDeckPd,0 days 00:00:00.021778
ScoringDeckPd,0 days 00:00:00.019432
ScoringDeckPd,0 days 00:00:00.022378
ScoringDeckPd,0 days 00:00:00.021686
ScoringDeckPd,0 days 00:00:00.022279
ScoringDeckPd,0 days 00:00:00.012125
ScoringDeckPd,0 days 00:00:00.016685
ScoringDeckPd,0 days 00:00:00.016654
ScoringDeckPd,0 days 00:00:00.016779
ScoringDeckPd,0 days 00:00:00.025013
ScoringDeckPd,0 days 00:00:00.024164
ScoringDeckPd,0 days 00:00:00.024819
ScoringDeckPd,0 days 00:00:00.027164
ScoringDeckPd,0 days 00:00:00.016318
ScoringDeckPd,0 days 00:00:00.016498
ScoringDeckPd,0 days 00:00:00.022530
ScoringDeckPd,0 days 00:00:00.020925
ScoringDeckPd,0 days 00:00:00.020537
ScoringDeckPd,0 days 00:00:00.029380
ScoringDeckPd,0 days 00:00:00.020000
ScoringDeckPd,0 days 00:00:00.020333
ScoringDeckPd,0 days 00:00:00.030136
ScoringDeckPd,0 days 00:00:00.014935
ScoringDeckPd,0 days 00:00:00.028425
ScoringDeckPd,0 days 00:00:00.015200
ScoringDeckPd,0 days 00:00:00.024909
ScoringDeckPd,0 days 00:00:00.040659
ScoringDeckPd,0 days 00:00:00.034890
ScoringDeckPd,0 days 00:00:00.019899
ScoringDeckPd,0 days 00:00:00.024456
ScoringDeckPd,0 days 00:00:00.026331
ScoringDeckPd,0 days 00:00:00.023211
ScoringDeckPd,0 days 00:00:00.024708
ScoringDeckPd,0 days 00:00:00.017781
ScoringDeckPd,0 days 00:00:00.018389
ScoringDeckPd,0 days 00:00:00.018021
ScoringDeckPd,0 days 00:00:00.022547
ScoringDeckPd,0 days 00:00:00.023430
ScoringDeckPd,0 days 00:00:00.027262
ScoringDeckPd,0 days 00:00:00.029547
ScoringDeckPd,0 days 00:00:00.030347
ScoringDeckPd,0 days 00:00:00.032814
ScoringDeckPd,0 days 00:00:00.029870
ScoringDeckPd,0 days 00:00:00.028519
ScoringDeckPd,0 days 00:00:00.024182
ScoringDeckPd,0 days 00:00:00.033383
ScoringDeckPd,0 days 00:00:00.030659
ScoringDeckPd,0 days 00:00:00.017907
ScoringDeckPd,0 days 00:00:00.033483
ScoringDeckPd,0 days 00:00:00.027020
ScoringDeckPd,0 days 00:00:00.020133
ScoringDeckPd,0 days 00:00:00.016242
ScoringDeckPd,0 days 00:00:00.016010
ScoringDeckPd,0 days 00:00:00.031850
ScoringDeckPd,0 days 00:00:00.031960
ScoringDeckPd,0 days 00:00:00.031406
ScoringDeckPd,0 days 00:00:00.017901
ScoringDeckPd,0 days 00:00:00.035269
ScoringDeckPd,0 days 00:00:00.021087
ScoringDeckPd,0 days 00:00:00.031642
ScoringDeckPd,0 days 00:00:00.014323
ScoringDeckPd,0 days 00:00:00.014329
ScoringDeckPd,0 days 00:00:00.019248
ScoringDeckPd,0 days 00:00:00.021723
ScoringDeckPd,0 days 00:00:00.024149
ScoringDeckPd,0 days 00:00:00.023637
ScoringDeckPd,0 days 00:00:00.022161
ScoringDeckPd,0 days 00:00:00.005069
ScoringDeckPd,0 days 00:00:00.022942
ScoringDeckPd,0 days 00:00:00.015885
ScoringDeckPd,0 days 00:00:00.025918
ScoringDeckPd,0 days 00:00:00.016215
ScoringDeckPd,0 days 00:00:00.020618
ScoringDeckPd,0 days 00:00:00.016000
ScoringDeckPd,0 days 00:00:00.033820
ScoringDeckPd,0 days 00:00:00.013618
ScoringDeckPd,0 days 00:00:00.011767
ScoringDeckPd,0 days 00:00:00.024552
ScoringDeckPd,0 days 00:00:00.018761
ScoringDeckPd,0 days 00:00:00.033227
ScoringDeckPd,0 days 00:00:00.022178
ScoringDeckPd,0 days 00:00:00.007514
ScoringDeckPd,0 days 00:00:00.012660
ScoringDeckPd,0 days 00:00:00.028708
ScoringDeckPd,0 days 00:00:00.032025
ScoringDeckPd,0 days 00:00:00.015777
ScoringDeckPd,0 days 00:00:00.015961
ScoringDeckPd,0 days 00:00:00.017134
ScoringDeckPd,0 days 00:00:00.023822
ScoringDeckPd,0 days 00:00:00.029708
ScoringDeckPd,0 days 00:00:00.033544
ScoringDeckPd,0 days 00:00:00.020611
ScoringDeckPd,0 days 00:00:00.023738
ScoringDeckPd,0 days 00:00:00.024968
ScoringDeckPd,0 days 00:00:00.026597
ScoringDeckPd,0 days 00:00:00.017124
ScoringDeckPd,0 days 00:00:00.024356
ScoringDeckPd,0 days 00:00:00.015696
ScoringDeckPd,0 days 00:00:00.027225
ScoringDeckPd,0 days 00:00:00.034331
ScoringDeckPd,0 days 00:00:00.023775
ScoringDeckPd,0 days 00:00:00.023274
ScoringDeckPd,0 days 00:00:00.018600
ScoringDeckPd,0 days 00:00:00.018809
ScoringDeckPd,0 days 00:00:00.015952
ScoringDeckPd,0 days 00:00:00.017659
ScoringDeckPd,0 days 00:00:00.015740
ScoringDeckPd,0 days 00:00:00.033404
ScoringDeckPd,0 days 00:00:00.006194
ScoringDeckPd,0 days 00:00:00.018038
ScoringDeckPd,0 days 00:00:00.021811
ScoringDeckPd,0 days 00:00:00.029885
ScoringDeckPd,0 days 00:00:00.022529
ScoringDeckPd,0 days 00:00:00.024320
ScoringDeckPd,0 days 00:00:00.017922
ScoringDeckPd,0 days 00:00:00.029712
ScoringDeckPd,0 days 00:00:00.016494
ScoringDeckPd,0 days 00:00:00.024079
ScoringDeckPd,0 days 00:00:00.019304
ScoringDeckPd,0 days 00:00:00.016395
ScoringDeckPd,0 days 00:00:00.024043
ScoringDeckPd,0 days 00:00:00.024368
ScoringDeckPd,0 days 00:00:00.023348
ScoringDeckPd,0 days 00:00:00.032092
ScoringDeckPd,0 days 00:00:00.024569
ScoringDeckPd,0 days 00:00:00.015765
ScoringDeckPd,0 days 00:00:00.026888
ScoringDeckPd,0 days 00:00:00.027263
ScoringDeckPd,0 days 00:00:00.024984
ScoringDeckPd,0 days 00:00:00.027688
ScoringDeckPd,0 days 00:00:00.023702
ScoringDeckPd,0 days 00:00:00.024567
ScoringDeckPd,0 days 00:00:00.024680
ScoringDeckPd,0 days 00:00:00.031663
ScoringDeckPd,0 days 00:00:00.020622
ScoringDeckPd,0 days 00:00:00.035535
ScoringDeckPd,0 days 00:00:00.069907
ScoringDeckPd,0 days 00:00:00.035222
ScoringDeckPd,0 days 00:00:00.034255
ScoringDeckPd,0 days 00:00:00.024237
ScoringDeckPd,0 days 00:00:00.028407
ScoringDeckPd,0 days 00:00:00.028999
ScoringDeckPd,0 days 00:00:00.025912
ScoringDeckPd,0 days 00:00:00.023943
ScoringDeckPd,0 days 00:00:00.020304
ScoringDeckPd,0 days 00:00:00.021963
ScoringDeckPd,0 days 00:00:00.022019
ScoringDeckPd,0 days 00:00:00.040983
ScoringDeckPd,0 days 00:00:00.029256
ScoringDeckPd,0 days 00:00:00.028178
ScoringDeckPd,0 days 00:00:00.018648
ScoringDeckPd,0 days 00:00:00.024596
ScoringDeckPd,0 days 00:00:00.028390
ScoringDeckPd,0 days 00:00:00.026142
ScoringDeckPd,0 days 00:00:00.024112
ScoringDeckPd,0 days 00:00:00.034276
ScoringDeckPd,0 days 00:00:00.031824
ScoringDeckPd,0 days 00:00:00.027136
ScoringDeckPd,0 days 00:00:00.015633
ScoringDeckPd,0 days 00:00:00.014681
ScoringDeckPd,0 days 00:00:00.026839
ScoringDeckPd,0 days 00:00:00.028067
ScoringDeckPd,0 days 00:00:00.042062
ScoringDeckPd,0 days 00:00:00.025804
ScoringDeckPd,0 days 00:00:00.034710
ScoringDeckPd,0 days 00:00:00.022505
ScoringDeckPd,0 days 00:00:00.022887
ScoringDeckPd,0 days 00:00:00.032078
ScoringDeckPd,0 days 00:00:00.019301
ScoringDeckPd,0 days 00:00:00.023474
ScoringDeckPd,0 days 00:00:00.020985
ScoringDeckPd,0 days 00:00:00.025160
ScoringDeckPd,0 days 00:00:00.021530
ScoringDeckPd,0 days 00:00:00.015449
ScoringDeckPd,0 days 00:00:00.031803
ScoringDeckPd,0 days 00:00:00.029920
ScoringDeckPd,0 days 00:00:00.018726
ScoringDeckPd,0 days 00:00:00.018339
ScoringDeckPd,0 days 00:00:00.017841
ScoringDeckPd,0 days 00:00:00.020606
ScoringDeckPd,0 days 00:00:00.017431
ScoringDeckPd,0 days 00:00:00.020705
ScoringDeckPd,0 days 00:00:00.012583
ScoringDeckPd,0 days 00:00:00.021902
ScoringDeckPd,0 days 00:00:00.023875
ScoringDeckPd,0 days 00:00:00.019328
ScoringDeckPd,0 days 00:00:00.023439
ScoringDeckPd,0 days 00:00:00.013714
ScoringDeckPd,0 days 00:00:00.018677
ScoringDeckPd,0 days 00:00:00.011799
ScoringDeckPd,0 days 00:00:00.029066
ScoringDeckPd,0 days 00:00:00.020850
ScoringDeckPd,0 days 00:00:00.016014
ScoringDeckPd,0 days 00:00:00.017772
ScoringDeckPd,0 days 00:00:00.020098
ScoringDeckPd,0 days 00:00:00.018318
ScoringDeckPd,0 days 00:00:00.015772
ScoringDeckPd,0 days 00:00:00.031662
ScoringDeckPd,0 days 00:00:00.035914
ScoringDeckPd,0 days 00:00:00.022128
ScoringDeckPd,0 days 00:00:00.033727
ScoringDeckPd,0 days 00:00:00.020401
ScoringDeckPd,0 days 00:00:00.031583
ScoringDeckPd,0 days 00:00:00.010295
ScoringDeckPd,0 days 00:00:00.015153
ScoringDeckPd,0 days 00:00:00.014864
ScoringDeckPd,0 days 00:00:00.024896
ScoringDeckPd,0 days 00:00:00.031537
ScoringDeckPd,0 days 00:00:00.019696
ScoringDeckPd,0 days 00:00:00.024723
ScoringDeckPd,0 days 00:00:00.054747
ScoringDeckPd,0 days 00:00:00.064345
ScoringDeckPd,0 days 00:00:00.058609
ScoringDeckPd,0 days 00:00:00.063879
ScoringDeckPd,0 days 00:00:00.070390
ScoringDeckPd,0 days 00:00:00.063210
ScoringDeckPd,0 days 00:00:00.064736
ScoringDeckPd,0 days 00:00:00.059405
ScoringDeckPd,0 days 00:00:00.064388
ScoringDeckPd,0 days 00:00:00.064764
ScoringDeckPd,0 days 00:00:00.054615
ScoringDeckPd,0 days 00:00:00.063943
ScoringDeckPd,0 days 00:00:00.064601
ScoringDeckPd,0 days 00:00:00.058523
ScoringDeckPd,0 days 00:00:00.064858
ScoringDeckPd,0 days 00:00:00.072090
ScoringDeckPd,0 days 00:00:00.049189
ScoringDeckPd,0 days 00:00:00.061690
ScoringDeckPd,0 days 00:00:00.063246
ScoringDeckPd,0 days 00:00:00.062809
ScoringDeckPd,0 days 00:00:00.071899
ScoringDeckPd,0 days 00:00:00.066696
ScoringDeckPd,0 days 00:00:00.068230
ScoringDeckPd,0 days 00:00:00.062487
ScoringDeckPd,0 days 00:00:00.066742
ScoringDeckPd,0 days 00:00:00.068761
ScoringDeckPd,0 days 00:00:00.062901
ScoringDeckPd,0 days 00:00:00.049322
ScoringDeckPd,0 days 00:00:00.073754
ScoringDeckPd,0 days 00:00:00.072379
ScoringDeckPd,0 days 00:00:00.047994
ScoringDeckPd,0 days 00:00:00.056775
ScoringDeckPd,0 days 00:00:00.057801
ScoringDeckPd,0 days 00:00:00.059211
ScoringDeckPd,0 days 00:00:00.065935
ScoringDeckPd,0 days 00:00:00.052149
ScoringDeckPd,0 days 00:00:00.063778
ScoringDeckPd,0 days 00:00:00.067251
ScoringDeckPd,0 days 00:00:00.051538
ScoringDeckPd,0 days 00:00:00.065903
ScoringDeckPd,0 days 00:00:00.078779
ScoringDeckPd,0 days 00:00:00.060837
ScoringDeckPd,0 days 00:00:00.063915
ScoringDeckPd,0 days 00:00:00.062313
ScoringDeckPd,0 days 00:00:00.064224
ScoringDeckPd,0 days 00:00:00.063433
ScoringDeckPd,0 days 00:00:00.068108
ScoringDeckPd,0 days 00:00:00.064111
ScoringDeckPd,0 days 00:00:00.062420
ScoringDeckPd,0 days 00:00:00.078748
ScoringDeckPd,0 days 00:00:00.069837
ScoringDeckPd,0 days 00:00:00.061644
ScoringDeckPd,0 days 00:00:00.063667
ScoringDeckPd,0 days 00:00:00.061665
ScoringDeckPd,0 days 00:00:00.063432
ScoringDeckPd,0 days 00:00:00.066934
ScoringDeckPd,0 days 00:00:00.064498
ScoringDeckPd,0 days 00:00:00.068061
ScoringDeckPd,0 days 00:00:00.065784
ScoringDeckPd,0 days 00:00:00.060518
ScoringDeckPd,0 days 00:00:00.067470
ScoringDeckPd,0 days 00:00:00.067334
ScoringDeckPd,0 days 00:00:00.065104
ScoringDeckPd,0 days 00:00:00.059393
ScoringDeckPd,0 days 00:00:00.066602
ScoringDeckPd,0 days 00:00:00.061089
ScoringDeckPd,0 days 00:00:00.066970
ScoringDeckPd,0 days 00:00:00.070319
ScoringDeckPd,0 days 00:00:00.066304
ScoringDeckPd,0 days 00:00:00.075787
ScoringDeckPd,0 days 00:00:00.058029
ScoringDeckPd,0 days 00:00:00.059705
ScoringDeckPd,0 days 00:00:00.067142
ScoringDeckPd,0 days 00:00:00.067264
ScoringDeckPd,0 days 00:00:00.065262
ScoringDeckPd,0 days 00:00:00.060580
ScoringDeckPd,0 days 00:00:00.063122
ScoringDeckPd,0 days 00:00:00.060050
ScoringDeckPd,0 days 00:00:00.058758
ScoringDeckPd,0 days 00:00:00.023465
ScoringDeckPd,0 days 00:00:00.016612
ScoringDeckPd,0 days 00:00:00.020789
ScoringDeckPd,0 days 00:00:00.016420
ScoringDeckPd,0 days 00:00:00.034019
ScoringDeckPd,0 days 00:00:00.018861
ScoringDeckPd,0 days 00:00:00.027112
ScoringDeckPd,0 days 00:00:00.039373
ScoringDeckPd,0 days 00:00:00.016064
ScoringDeckPd,0 days 00:00:00.030519
ScoringDeckPd,0 days 00:00:00.025460
ScoringDeckPd,0 days 00:00:00.022299
ScoringDeckPd,0 days 00:00:00.024105
ScoringDeckPd,0 days 00:00:00.029265
ScoringDeckPd,0 days 00:00:00.033442
ScoringDeckPd,0 days 00:00:00.030154
ScoringDeckPd,0 days 00:00:00.026915
ScoringDeckPd,0 days 00:00:00.030013
ScoringDeckPd,0 days 00:00:00.020474
ScoringDeckPd,0 days 00:00:00.020813
ScoringDeckPd,0 days 00:00:00.025428
ScoringDeckPd,0 days 00:00:00.024619
ScoringDeckPd,0 days 00:00:00.021497
ScoringDeckPd,0 days 00:00:00.016124
ScoringDeckPd,0 days 00:00:00.016845
ScoringDeckPd,0 days 00:00:00.024359
ScoringDeckPd,0 days 00:00:00.028974
ScoringDeckPd,0 days 00:00:00.028790
ScoringDeckPd,0 days 00:00:00.020991
ScoringDeckPd,0 days 00:00:00.016396
ScoringDeckPd,0 days 00:00:00.017077
ScoringDeckPd,0 days 00:00:00.026748
ScoringDeckPd,0 days 00:00:00.020609
ScoringDeckPd,0 days 00:00:00.020667
ScoringDeckPd,0 days 00:00:00.020205
ScoringDeckPd,0 days 00:00:00.020204
ScoringDeckPd,0 days 00:00:00.023171
ScoringDeckPd,0 days 00:00:00.031655
ScoringDeckPd,0 days 00:00:00.029485
ScoringDeckPd,0 days 00:00:00.019741
ScoringDeckPd,0 days 00:00:00.020293
ScoringDeckPd,0 days 00:00:00.015598
ScoringDeckPd,0 days 00:00:00.018981
ScoringDeckPd,0 days 00:00:00.025418
ScoringDeckPd,0 days 00:00:00.030143
ScoringDeckPd,0 days 00:00:00.023799
ScoringDeckPd,0 days 00:00:00.032859
ScoringDeckPd,0 days 00:00:00.025445
ScoringDeckPd,0 days 00:00:00.027891
ScoringDeckPd,0 days 00:00:00.018229
ScoringDeckPd,0 days 00:00:00.020431
ScoringDeckPd,0 days 00:00:00.018674
ScoringDeckPd,0 days 00:00:00.020453
ScoringDeckPd,0 days 00:00:00.022887
ScoringDeckPd,0 days 00:00:00.029142
ScoringDeckPd,0 days 00:00:00.031405
ScoringDeckPd,0 days 00:00:00.020071
ScoringDeckPd,0 days 00:00:00.019741
ScoringDeckPd,0 days 00:00:00.014020
ScoringDeckPd,0 days 00:00:00.029572
ScoringDeckPd,0 days 00:00:00.037761
ScoringDeckPd,0 days 00:00:00.034226
ScoringDeckPd,0 days 00:00:00.027401
ScoringDeckPd,0 days 00:00:00.024717
ScoringDeckPd,0 days 00:00:00.022433
ScoringDeckPd,0 days 00:00:00.022462
ScoringDeckPd,0 days 00:00:00.022174
ScoringDeckPd,0 days 00:00:00.031120
ScoringDeckPd,0 days 00:00:00.023320
ScoringDeckPd,0 days 00:00:00.026785
ScoringDeckPd,0 days 00:00:00.013966
ScoringDeckPd,0 days 00:00:00.021764
ScoringDeckPd,0 days 00:00:00.020347
ScoringDeckPd,0 days 00:00:00.019849
ScoringDeckPd,0 days 00:00:00.032604
ScoringDeckPd,0 days 00:00:00.016571
ScoringDeckPd,0 days 00:00:00.022410
ScoringDeckPd,0 days 00:00:00.018515
ScoringDeckPd,0 days 00:00:00.019809
ScoringDeckPd,0 days 00:00:00.016813
ScoringDeckPd,0 days 00:00:00.025384
ScoringDeckPd,0 days 00:00:00.009074
ScoringDeckPd,0 days 00:00:00.022922
ScoringDeckPd,0 days 00:00:00.023620
ScoringDeckPd,0 days 00:00:00.015341
ScoringDeckPd,0 days 00:00:00.023892
ScoringDeckPd,0 days 00:00:00.021439
ScoringDeckPd,0 days 00:00:00.016123
ScoringDeckPd,0 days 00:00:00.015540
ScoringDeckPd,0 days 00:00:00.033931
ScoringDeckPd,0 days 00:00:00.024026
ScoringDeckPd,0 days 00:00:00.027170
ScoringDeckPd,0 days 00:00:00.027580
ScoringDeckPd,0 days 00:00:00.014544
ScoringDeckPd,0 days 00:00:00.025553
ScoringDeckPd,0 days 00:00:00.021351
ScoringDeckPd,0 days 00:00:00.025379
ScoringDeckPd,0 days 00:00:00.033963
ScoringDeckPd,0 days 00:00:00.026875
ScoringDeckPd,0 days 00:00:00.026124
ScoringDeckPd,0 days 00:00:00.015349
ScoringDeckPd,0 days 00:00:00.025066
ScoringDeckPd,0 days 00:00:00.037607
ScoringDeckPd,0 days 00:00:00.013634
ScoringDeckPd,0 days 00:00:00.011524
ScoringDeckPd,0 days 00:00:00.018129
ScoringDeckPd,0 days 00:00:00.023657
ScoringDeckPd,0 days 00:00:00.028054
ScoringDeckPd,0 days 00:00:00.027541
ScoringDeckPd,0 days 00:00:00.013301
ScoringDeckPd,0 days 00:00:00.015566
ScoringDeckPd,0 days 00:00:00.028611
ScoringDeckPd,0 days 00:00:00.019606
ScoringDeckPd,0 days 00:00:00.019079
ScoringDeckPd,0 days 00:00:00.028146
ScoringDeckPd,0 days 00:00:00.024140
ScoringDeckPd,0 days 00:00:00.030505
ScoringDeckPd,0 days 00:00:00.027354
ScoringDeckPd,0 days 00:00:00.020745
ScoringDeckPd,0 days 00:00:00.008247
ScoringDeckPd,0 days 00:00:00.032955
ScoringDeckPd,0 days 00:00:00.014033
ScoringDeckPd,0 days 00:00:00.041119
ScoringDeckPd,0 days 00:00:00.019821
ScoringDeckPd,0 days 00:00:00.020861
ScoringDeckPd,0 days 00:00:00.025868
ScoringDeckPd,0 days 00:00:00.017968
ScoringDeckPd,0 days 00:00:00.022752
ScoringDeckPd,0 days 00:00:00.016676
ScoringDeckPd,0 days 00:00:00.024341
ScoringDeckPd,0 days 00:00:00.031590
ScoringDeckPd,0 days 00:00:00.029034
ScoringDeckPd,0 days 00:00:00.022657
ScoringDeckPd,0 days 00:00:00.033067
ScoringDeckPd,0 days 00:00:00.027595
ScoringDeckPd,0 days 00:00:00.018832
ScoringDeckPd,0 days 00:00:00.021648
ScoringDeckPd,0 days 00:00:00.016783
ScoringDeckPd,0 days 00:00:00.020196
ScoringDeckPd,0 days 00:00:00.015989
ScoringDeckPd,0 days 00:00:00.017984
ScoringDeckPd,0 days 00:00:00.034046
ScoringDeckPd,0 days 00:00:00.026338
ScoringDeckPd,0 days 00:00:00.014552
ScoringDeckPd,0 days 00:00:00.016976
ScoringDeckPd,0 days 00:00:00.018590
ScoringDeckPd,0 days 00:00:00.023512
ScoringDeckPd,0 days 00:00:00.016012
ScoringDeckPd,0 days 00:00:00.017447
ScoringDeckPd,0 days 00:00:00.019800
ScoringDeckPd,0 days 00:00:00.031748
ScoringDeckPd,0 days 00:00:00.019587
ScoringDeckPd,0 days 00:00:00.027467
ScoringDeckPd,0 days 00:00:00.018028
ScoringDeckPd,0 days 00:00:00.019386
ScoringDeckPd,0 days 00:00:00.015240
ScoringDeckPd,0 days 00:00:00.026320
ScoringDeckPd,0 days 00:00:00.028182
ScoringDeckPd,0 days 00:00:00.017249
ScoringDeckPd,0 days 00:00:00.030352
ScoringDeckPd,0 days 00:00:00.020202
ScoringDeckPd,0 days 00:00:00.019558
ScoringDeckPd,0 days 00:00:00.020330
ScoringDeckPd,0 days 00:00:00.022901
ScoringDeckPd,0 days 00:00:00.015938
ScoringDeckPd,0 days 00:00:00.011422
ScoringDeckPd,0 days 00:00:00.029742
ScoringDeckPd,0 days 00:00:00.029612
ScoringDeckPd,0 days 00:00:00.021060
ScoringDeckPd,0 days 00:00:00.021787
ScoringDeckPd,0 days 00:00:00.024817
ScoringDeckPd,0 days 00:00:00.028702
ScoringDeckPd,0 days 00:00:00.024882
ScoringDeckPd,0 days 00:00:00.025062
ScoringDeckPd,0 days 00:00:00.037491
ScoringDeckPd,0 days 00:00:00.016560
ScoringDeckPd,0 days 00:00:00.022131
ScoringDeckPd,0 days 00:00:00.017257
ScoringDeckPd,0 days 00:00:00.022566
ScoringDeckPd,0 days 00:00:00.027066
ScoringDeckPd,0 days 00:00:00.028425
ScoringDeckPd,0 days 00:00:00.019083
ScoringDeckPd,0 days 00:00:00.035320
ScoringDeckPd,0 days 00:00:00.021291
ScoringDeckPd,0 days 00:00:00.011507
ScoringDeckPd,0 days 00:00:00.021193
ScoringDeckPd,0 days 00:00:00.019646
ScoringDeckPd,0 days 00:00:00.032034
ScoringDeckPd,0 days 00:00:00.015825
ScoringDeckPd,0 days 00:00:00.012398
ScoringDeckPd,0 days 00:00:00.020214
ScoringDeckPd,0 days 00:00:00.018055
ScoringDeckPd,0 days 00:00:00.009455
ScoringDeckPd,0 days 00:00:00.017858
ScoringDeckPd,0 days 00:00:00.023627
ScoringDeckPd,0 days 00:00:00.017452
ScoringDeckPd,0 days 00:00:00.023633
ScoringDeckPd,0 days 00:00:00.031777
ScoringDeckPd,0 days 00:00:00.023986
ScoringDeckPd,0 days 00:00:00.016538
ScoringDeckPd,0 days 00:00:00.031740
ScoringDeckPd,0 days 00:00:00.021739
ScoringDeckPd,0 days 00:00:00.023456
ScoringDeckPd,0 days 00:00:00.037692
ScoringDeckPd,0 days 00:00:00.021783
ScoringDeckPd,0 days 00:00:00.030475
ScoringDeckPd,0 days 00:00:00.020038
ScoringDeckPd,0 days 00:00:00.012831
ScoringDeckPd,0 days 00:00:00.033288
ScoringDeckPd,0 days 00:00:00.031338
ScoringDeckPd,0 days 00:00:00.029203
ScoringDeckPd,0 days 00:00:00.026351
ScoringDeckPd,0 days 00:00:00.017135
ScoringDeckPd,0 days 00:00:00.016785
ScoringDeckPd,0 days 00:00:00.027513
ScoringDeckPd,0 days 00:00:00.021214
ScoringDeckPd,0 days 00:00:00.025459
ScoringDeckPd,0 days 00:00:00.025377
ScoringDeckPd,0 days 00:00:00.018905
ScoringDeckPd,0 days 00:00:00.030350
ScoringDeckPd,0 days 00:00:00.024794
ScoringDeckPd,0 days 00:00:00.010518
ScoringDeckPd,0 days 00:00:00.032171
ScoringDeckPd,0 days 00:00:00.021410
ScoringDeckPd,0 days 00:00:00.008759
ScoringDeckPd,0 days 00:00:00.016416
ScoringDeckPd,0 days 00:00:00.022051
ScoringDeckPd,0 days 00:00:00.024245
ScoringDeckPd,0 days 00:00:00.013033
ScoringDeckPd,0 days 00:00:00.014616
ScoringDeckPd,0 days 00:00:00.015773
ScoringDeckPd,0 days 00:00:00.015764
ScoringDeckPd,0 days 00:00:00.015856
ScoringDeckPd,0 days 00:00:00.015806
ScoringDeckPd,0 days 00:00:00.015768
ScoringDeckPd,0 days 00:00:00.020978
ScoringDeckPd,0 days 00:00:00.019636
ScoringDeckPd,0 days 00:00:00.020801
ScoringDeckPd,0 days 00:00:00.019558
ScoringDeckPd,0 days 00:00:00.021938
ScoringDeckPd,0 days 00:00:00.033218
ScoringDeckPd,0 days 00:00:00.031988
ScoringDeckPd,0 days 00:00:00.018113
ScoringDeckPd,0 days 00:00:00.015709
ScoringDeckPd,0 days 00:00:00.013678
ScoringDeckPd,0 days 00:00:00.018066
ScoringDeckPd,0 days 00:00:00.018628
ScoringDeckPd,0 days 00:00:00.024144
ScoringDeckPd,0 days 00:00:00.023662
ScoringDeckPd,0 days 00:00:00.025537
ScoringDeckPd,0 days 00:00:00.024997
ScoringDeckPd,0 days 00:00:00.016034
ScoringDeckPd,0 days 00:00:00.019776
ScoringDeckPd,0 days 00:00:00.015827
ScoringDeckPd,0 days 00:00:00.019152
ScoringDeckPd,0 days 00:00:00.015968
ScoringDeckPd,0 days 00:00:00.023883
ScoringDeckPd,0 days 00:00:00.018935
ScoringDeckPd,0 days 00:00:00.033028
ScoringDeckPd,0 days 00:00:00.031659
ScoringDeckPd,0 days 00:00:00.014558
ScoringDeckPd,0 days 00:00:00.022419
ScoringDeckPd,0 days 00:00:00.010747
ScoringDeckPd,0 days 00:00:00.024333
ScoringDeckPd,0 days 00:00:00.019576
ScoringDeckPd,0 days 00:00:00.020931
ScoringDeckPd,0 days 00:00:00.013734
ScoringDeckPd,0 days 00:00:00.015945
ScoringDeckPd,0 days 00:00:00.018658
ScoringDeckPd,0 days 00:00:00.015653
ScoringDeckPd,0 days 00:00:00.015488
ScoringDeckPd,0 days 00:00:00.019049
ScoringDeckPd,0 days 00:00:00.020333
ScoringDeckPd,0 days 00:00:00.016068
ScoringDeckPd,0 days 00:00:00.015754
ScoringDeckPd,0 days 00:00:00.013786
ScoringDeckPd,0 days 00:00:00.021348
ScoringDeckPd,0 days 00:00:00.019175
ScoringDeckPd,0 days 00:00:00.026878
ScoringDeckPd,0 days 00:00:00.034120
ScoringDeckPd,0 days 00:00:00.020130
ScoringDeckPd,0 days 00:00:00.016801
ScoringDeckPd,0 days 00:00:00.031103
ScoringDeckPd,0 days 00:00:00.027215
ScoringDeckPd,0 days 00:00:00.031614
ScoringDeckPd,0 days 00:00:00.035540
ScoringDeckPd,0 days 00:00:00.015780
ScoringDeckPd,0 days 00:00:00.017719
ScoringDeckPd,0 days 00:00:00.042455
ScoringDeckPd,0 days 00:00:00.033403
ScoringDeckPd,0 days 00:00:00.033785
ScoringDeckPd,0 days 00:00:00.024634
ScoringDeckPd,0 days 00:00:00.025428
ScoringDeckPd,0 days 00:00:00.016835
ScoringDeckPd,0 days 00:00:00.015745
ScoringDeckPd,0 days 00:00:00.040305
ScoringDeckPd,0 days 00:00:00.019701
ScoringDeckPd,0 days 00:00:00.023956
ScoringDeckPd,0 days 00:00:00.058677
ScoringDeckPd,0 days 00:00:00.023219
ScoringDeckPd,0 days 00:00:00.024631
ScoringDeckPd,0 days 00:00:00.021737
ScoringDeckPd,0 days 00:00:00.031679
ScoringDeckPd,0 days 00:00:00.019952
ScoringDeckPd,0 days 00:00:00.042764
ScoringDeckPd,0 days 00:00:00.012461
ScoringDeckPd,0 days 00:00:00.025984
ScoringDeckPd,0 days 00:00:00.017270
ScoringDeckPd,0 days 00:00:00.024262
ScoringDeckPd,0 days 00:00:00.021829
ScoringDeckPd,0 days 00:00:00.031663
ScoringDeckPd,0 days 00:00:00.026198
ScoringDeckPd,0 days 00:00:00.027345
ScoringDeckPd,0 days 00:00:00.029844
ScoringDeckPd,0 days 00:00:00.031965
ScoringDeckPd,0 days 00:00:00.024427
ScoringDeckPd,0 days 00:00:00.030233
ScoringDeckPd,0 days 00:00:00.029531
ScoringDeckPd,0 days 00:00:00.016540
ScoringDeckPd,0 days 00:00:00.016276
ScoringDeckPd,0 days 00:00:00.015223
ScoringDeckPd,0 days 00:00:00.016750
ScoringDeckPd,0 days 00:00:00.021035
ScoringDeckPd,0 days 00:00:00.026924
ScoringDeckPd,0 days 00:00:00.024199
ScoringDeckPd,0 days 00:00:00.029483
ScoringDeckPd,0 days 00:00:00.027780
ScoringDeckPd,0 days 00:00:00.019782
ScoringDeckPd,0 days 00:00:00.019359
ScoringDeckPd,0 days 00:00:00.018196
ScoringDeckPd,0 days 00:00:00.017713
ScoringDeckPd,0 days 00:00:00.019492
ScoringDeckPd,0 days 00:00:00.019505
ScoringDeckPd,0 days 00:00:00.025694
ScoringDeckPd,0 days 00:00:00.021296
ScoringDeckPd,0 days 00:00:00.027491
ScoringDeckPd,0 days 00:00:00.032131
ScoringDeckPd,0 days 00:00:00.020553
ScoringDeckPd,0 days 00:00:00.023953
ScoringDeckPd,0 days 00:00:00.022120
ScoringDeckPd,0 days 00:00:00.021629
ScoringDeckPd,0 days 00:00:00.028950
ScoringDeckPd,0 days 00:00:00.033156
ScoringDeckPd,0 days 00:00:00.024548
ScoringDeckPd,0 days 00:00:00.024403
ScoringDeckPd,0 days 00:00:00.027797
ScoringDeckPd,0 days 00:00:00.022451
ScoringDeckPd,0 days 00:00:00.032210
ScoringDeckPd,0 days 00:00:00.023800
ScoringDeckPd,0 days 00:00:00.029835
ScoringDeckPd,0 days 00:00:00.025390
ScoringDeckPd,0 days 00:00:00.025436
ScoringDeckPd,0 days 00:00:00.016025
ScoringDeckPd,0 days 00:00:00.016022
ScoringDeckPd,0 days 00:00:00.016172
ScoringDeckPd,0 days 00:00:00.022076
ScoringDeckPd,0 days 00:00:00.030604
ScoringDeckPd,0 days 00:00:00.038500
ScoringDeckPd,0 days 00:00:00.032678
ScoringDeckPd,0 days 00:00:00.015874
ScoringDeckPd,0 days 00:00:00.016205
ScoringDeckPd,0 days 00:00:00.032038
ScoringDeckPd,0 days 00:00:00.033555
ScoringDeckPd,0 days 00:00:00.022546
ScoringDeckPd,0 days 00:00:00.025766
ScoringDeckPd,0 days 00:00:00.026954
ScoringDeckPd,0 days 00:00:00.024784
ScoringDeckPd,0 days 00:00:00.035755
ScoringDeckPd,0 days 00:00:00.033528
ScoringDeckPd,0 days 00:00:00.035007
ScoringDeckPd,0 days 00:00:00.033669
ScoringDeckPd,0 days 00:00:00.032036
ScoringDeckPd,0 days 00:00:00.024060
ScoringDeckPd,0 days 00:00:00.021978
ScoringDeckPd,0 days 00:00:00.031730
ScoringDeckPd,0 days 00:00:00.024270
ScoringDeckPd,0 days 00:00:00.024765
ScoringDeckPd,0 days 00:00:00.023070
ScoringDeckPd,0 days 00:00:00.033433
ScoringDeckPd,0 days 00:00:00.025015
ScoringDeckPd,0 days 00:00:00.015159
ScoringDeckPd,0 days 00:00:00.017850
ScoringDeckPd,0 days 00:00:00.019765
ScoringDeckPd,0 days 00:00:00.060842
ScoringDeckPd,0 days 00:00:00.066512
ScoringDeckPd,0 days 00:00:00.060606
ScoringDeckPd,0 days 00:00:00.074369
ScoringDeckPd,0 days 00:00:00.083153
ScoringDeckPd,0 days 00:00:00.079661
ScoringDeckPd,0 days 00:00:00.060174
ScoringDeckPd,0 days 00:00:00.076777
ScoringDeckPd,0 days 00:00:00.064582
ScoringDeckPd,0 days 00:00:00.058085
ScoringDeckPd,0 days 00:00:00.065477
ScoringDeckPd,0 days 00:00:00.057921
ScoringDeckPd,0 days 00:00:00.079817
ScoringDeckPd,0 days 00:00:00.058635
ScoringDeckPd,0 days 00:00:00.069749
ScoringDeckPd,0 days 00:00:00.063094
ScoringDeckPd,0 days 00:00:00.060770
ScoringDeckPd,0 days 00:00:00.068184
ScoringDeckPd,0 days 00:00:00.059174
ScoringDeckPd,0 days 00:00:00.063355
ScoringDeckPd,0 days 00:00:00.063748
ScoringDeckPd,0 days 00:00:00.061242
ScoringDeckPd,0 days 00:00:00.073274
ScoringDeckPd,0 days 00:00:00.063520
ScoringDeckPd,0 days 00:00:00.063137
ScoringDeckPd,0 days 00:00:00.067801
ScoringDeckPd,0 days 00:00:00.068923
ScoringDeckPd,0 days 00:00:00.063615
ScoringDeckPd,0 days 00:00:00.063955
ScoringDeckPd,0 days 00:00:00.064021
ScoringDeckPd,0 days 00:00:00.066005
ScoringDeckPd,0 days 00:00:00.063715
ScoringDeckPd,0 days 00:00:00.068617
ScoringDeckPd,0 days 00:00:00.064872
ScoringDeckPd,0 days 00:00:00.047470
ScoringDeckPd,0 days 00:00:00.064100
ScoringDeckPd,0 days 00:00:00.060861
ScoringDeckPd,0 days 00:00:00.062825
ScoringDeckPd,0 days 00:00:00.063932
ScoringDeckPd,0 days 00:00:00.048531
ScoringDeckPd,0 days 00:00:00.063498
ScoringDeckPd,0 days 00:00:00.056424
ScoringDeckPd,0 days 00:00:00.047742
ScoringDeckPd,0 days 00:00:00.067169
ScoringDeckPd,0 days 00:00:00.062580
ScoringDeckPd,0 days 00:00:00.063401
ScoringDeckPd,0 days 00:00:00.053688
ScoringDeckPd,0 days 00:00:00.065584
ScoringDeckPd,0 days 00:00:00.062430
ScoringDeckPd,0 days 00:00:00.059369
ScoringDeckPd,0 days 00:00:00.056390
ScoringDeckPd,0 days 00:00:00.059948
ScoringDeckPd,0 days 00:00:00.063969
ScoringDeckPd,0 days 00:00:00.066720
ScoringDeckPd,0 days 00:00:00.095703
ScoringDeckPd,0 days 00:00:00.015941
ScoringDeckPd,0 days 00:00:00.022344
ScoringDeckPd,0 days 00:00:00.032854
ScoringDeckPd,0 days 00:00:00.031524
ScoringDeckPd,0 days 00:00:00.008324
ScoringDeckPd,0 days 00:00:00.011769
ScoringDeckPd,0 days 00:00:00.018776
ScoringDeckPd,0 days 00:00:00.018755
ScoringDeckPd,0 days 00:00:00.020889
ScoringDeckPd,0 days 00:00:00.015776
ScoringDeckPd,0 days 00:00:00.015796
ScoringDeckPd,0 days 00:00:00.026507
ScoringDeckPd,0 days 00:00:00.009133
ScoringDeckPd,0 days 00:00:00.013529
ScoringDeckPd,0 days 00:00:00.019855
ScoringDeckPd,0 days 00:00:00.005686
ScoringDeckPd,0 days 00:00:00.020592
ScoringDeckPd,0 days 00:00:00.030098
ScoringDeckPd,0 days 00:00:00.031678
ScoringDeckPd,0 days 00:00:00.017791
ScoringDeckPd,0 days 00:00:00.018822
ScoringDeckPd,0 days 00:00:00.015761
ScoringDeckPd,0 days 00:00:00.025845
ScoringDeckPd,0 days 00:00:00.026276
ScoringDeckPd,0 days 00:00:00.024934
ScoringDeckPd,0 days 00:00:00.035863
ScoringDeckPd,0 days 00:00:00.033978
ScoringDeckPd,0 days 00:00:00.016701
ScoringDeckPd,0 days 00:00:00.026333
ScoringDeckPd,0 days 00:00:00.020737
ScoringDeckPd,0 days 00:00:00.047374
ScoringDeckPd,0 days 00:00:00.028332
ScoringDeckPd,0 days 00:00:00.027092
ScoringDeckPd,0 days 00:00:00.031669
ScoringDeckPd,0 days 00:00:00.033060
ScoringDeckPd,0 days 00:00:00.028039
ScoringDeckPd,0 days 00:00:00.021624
ScoringDeckPd,0 days 00:00:00.025659
ScoringDeckPd,0 days 00:00:00.017197
ScoringDeckPd,0 days 00:00:00.018566
ScoringDeckPd,0 days 00:00:00.019467
ScoringDeckPd,0 days 00:00:00.020302
ScoringDeckPd,0 days 00:00:00.037739
ScoringDeckPd,0 days 00:00:00.016873
ScoringDeckPd,0 days 00:00:00.023508
ScoringDeckPd,0 days 00:00:00.025068
ScoringDeckPd,0 days 00:00:00.028959
ScoringDeckPd,0 days 00:00:00.018589
ScoringDeckPd,0 days 00:00:00.024120
ScoringDeckPd,0 days 00:00:00.033857
ScoringDeckPd,0 days 00:00:00.019749
ScoringDeckPd,0 days 00:00:00.016091
ScoringDeckPd,0 days 00:00:00.035665
ScoringDeckPd,0 days 00:00:00.018579
ScoringDeckPd,0 days 00:00:00.022772
ScoringDeckPd,0 days 00:00:00.032537
ScoringDeckPd,0 days 00:00:00.024486
ScoringDeckPd,0 days 00:00:00.020685
ScoringDeckPd,0 days 00:00:00.016541
ScoringDeckPd,0 days 00:00:00.023315
ScoringDeckPd,0 days 00:00:00.016334
ScoringDeckPd,0 days 00:00:00.020339
ScoringDeckPd,0 days 00:00:00.018537
ScoringDeckPd,0 days 00:00:00.017930
ScoringDeckPd,0 days 00:00:00.013257
ScoringDeckPd,0 days 00:00:00.017437
ScoringDeckPd,0 days 00:00:00.007758
